INSERT INTO Categories (categoryID, categoryName, categoryDescription) VALUES ('CA001', 'Main Courses', 'Delicious chicken chop and fish Filet dishes, perfect as the heart of your meal.');
INSERT INTO Categories (categoryID, categoryName, categoryDescription) VALUES ('CA002', 'Spaghetti', 'Authentic Italian pasta dishes with rich sauces and savory toppings.');
INSERT INTO Categories (categoryID, categoryName, categoryDescription) VALUES ('CA003', 'Burgers', 'Juicy, handcrafted burgers made with premium ingredients and unique toppings.');
INSERT INTO Categories (categoryID, categoryName, categoryDescription) VALUES ('CA004', 'Pizza', 'Mouthwatering pizzas baked to perfection with a delightful blend of flavors.');
INSERT INTO Categories (categoryID, categoryName, categoryDescription) VALUES ('CA005', 'Appetizers', 'Tantalizing bites to kickstart your meal, perfect for sharing.');
INSERT INTO Categories (categoryID, categoryName, categoryDescription) VALUES ('CA006', 'Snacks', 'Quick and satisfying treats, ideal for a quick bite.');
INSERT INTO Categories (categoryID, categoryName, categoryDescription) VALUES ('CA007', 'Pure Juices', 'Freshly squeezed, natural juices for a healthy and refreshing choice.');
INSERT INTO Categories (categoryID, categoryName, categoryDescription) VALUES ('CA008', 'Soft Beverages', 'Assorted drinks, including sodas and mocktails, to quench your thirst.');
INSERT INTO Categories (categoryID, categoryName, categoryDescription) VALUES ('CA009', 'Ice Blended And Milkshakes', 'Refreshing blended beverages and creamy milkshakes.');
INSERT INTO Categories (categoryID, categoryName, categoryDescription) VALUES ('CA010', 'Cocktail', 'Handcrafted cocktails for a touch of sophistication and enjoyment.');
INSERT INTO Categories (categoryID, categoryName, categoryDescription) VALUES ('CA011', 'Desserts', 'Conclude your meal on a sweet note with our exquisite selection of desserts.');

INSERT INTO Customers (customerID, customerName, customerEmail, customerPhone, customerAddress) VALUES ('C001', 'Dimitri Roney', 'droney0@gmail.com', '011-961-9537', '8009 Barnett Way');
INSERT INTO Customers (customerID, customerName, customerEmail, customerPhone, customerAddress) VALUES ('C002', 'Lennie chavey', 'lchavey1@gmail.com', '011-481-2351', '67752 Southridge Plaza');
INSERT INTO Customers (customerID, customerName, customerEmail, customerPhone, customerAddress) VALUES ('C003', 'Margaret Matei', 'mmatei2@gmail.com', '012-755-6000', '8 crest Line crossing');
INSERT INTO Customers (customerID, customerName, customerEmail, customerPhone, customerAddress) VALUES ('C004', 'clem Bittlestone', 'cbittlestone3@gmail.com', '014-428-7210', '20237 Upham Road');
INSERT INTO Customers (customerID, customerName, customerEmail, customerPhone, customerAddress) VALUES ('C005', 'Mirabel Pieper', 'mpieper4@gmail.com', '017-868-7450', '7 Westend Trail');
INSERT INTO Customers (customerID, customerName, customerEmail, customerPhone, customerAddress) VALUES ('C006', 'Quinta Bevis', 'qbevis5@gmail.com', '013-954-1906', '2 Maywood Junction');
INSERT INTO Customers (customerID, customerName, customerEmail, customerPhone, customerAddress) VALUES ('C007', 'Tiff MacNalley', 'tmacnalley6@gmail.com', '017-318-5615', '246 Kinsman Terrace');
INSERT INTO Customers (customerID, customerName, customerEmail, customerPhone, customerAddress) VALUES ('C008', 'Tynan Robjohns', 'trobjohns7@gmail.com', '015-789-2151', '5 Kipling Lane');
INSERT INTO Customers (customerID, customerName, customerEmail, customerPhone, customerAddress) VALUES ('C009', 'Lizzie Tampin', 'ltampin8@gmail.com', '014-914-4458', '8 Goodland Hill');
INSERT INTO Customers (customerID, customerName, customerEmail, customerPhone, customerAddress) VALUES ('C010', 'Lurlene Fitton', 'lfitton9@gmail.com', '017-576-5398', '242 Duke center');
INSERT INTO Customers (customerID, customerName, customerEmail, customerPhone, customerAddress) VALUES ('C011', 'Teodora Setford', 'tsetford0@gmail.com', '014-608-2374', '0 Norway Maple Pass');
INSERT INTO Customers (customerID, customerName, customerEmail, customerPhone, customerAddress) VALUES ('C012', 'cami Muglestone', 'cmuglestone1@gmail.com', '017-329-5444', '47911 Talisman Trail');
INSERT INTO Customers (customerID, customerName, customerEmail, customerPhone, customerAddress) VALUES ('C013', 'Stesha charlotte', 'scharlotte2@gmail.com', '018-489-3125', '2080 Emmet Terrace');
INSERT INTO Customers (customerID, customerName, customerEmail, customerPhone, customerAddress) VALUES ('C014', 'Finn Devigne', 'fdevigne3@gmail.com', '012-562-7087', '9990 Buell Junction');
INSERT INTO Customers (customerID, customerName, customerEmail, customerPhone, customerAddress) VALUES ('C015', 'Norbie Grabbam', 'ngrabbam4@gmail.com', '011-725-1749', '803 Summer Ridge Junction');
INSERT INTO Customers (customerID, customerName, customerEmail, customerPhone, customerAddress) VALUES ('C016', 'christiane Gingold', 'cgingold5@gmail.com', '010-473-5937', '7782 Elmside Parkway');
INSERT INTO Customers (customerID, customerName, customerEmail, customerPhone, customerAddress) VALUES ('C017', 'Lyman Frith', 'lfrith6@gmail.com', '015-696-7548', '8 Jackson Drive');
INSERT INTO Customers (customerID, customerName, customerEmail, customerPhone, customerAddress) VALUES ('C018', 'Kalli cruxton', 'kcruxton7@gmail.com', '012-195-0277', '50 Victoria Parkway');
INSERT INTO Customers (customerID, customerName, customerEmail, customerPhone, customerAddress) VALUES ('C019', 'Nickey Rapo', 'nrapo8@gmail.com', '013-104-3460', '104 Fairfield Way');
INSERT INTO Customers (customerID, customerName, customerEmail, customerPhone, customerAddress) VALUES ('C020', 'Hobie Drinkhill', 'hdrinkhill9@gmail.com', '019-282-8019', '84 Namekagon Road');
INSERT INTO Customers (customerID, customerName, customerEmail, customerPhone, customerAddress) VALUES ('C021', 'Bo Lippitt', 'blippitta@gmail.com', '016-215-7990', '90025 Swallow court');
INSERT INTO Customers (customerID, customerName, customerEmail, customerPhone, customerAddress) VALUES ('C022', 'Dinah coldrick', 'dcoldrickb@gmail.com', '015-803-5085', '85 Evergreen Plaza');
INSERT INTO Customers (customerID, customerName, customerEmail, customerPhone, customerAddress) VALUES ('C023', 'Noell Bellerby', 'nbellerbyc@gmail.com', '019-203-9117', '1424 Darwin court');
INSERT INTO Customers (customerID, customerName, customerEmail, customerPhone, customerAddress) VALUES ('C024', 'Jessamine Topley', 'jtopleyd@gmail.com', '013-115-2923', '2113 Superior circle');
INSERT INTO Customers (customerID, customerName, customerEmail, customerPhone, customerAddress) VALUES ('C025', 'Geoffrey Erickson', 'gericksone@gmail.com', '014-205-9259', '46021 Service Point');
INSERT INTO Customers (customerID, customerName, customerEmail, customerPhone, customerAddress) VALUES ('C026', 'Giulietta Pavitt', 'gpavittf@gmail.com', '017-848-5263', '49573 Sycamore Pass');
INSERT INTO Customers (customerID, customerName, customerEmail, customerPhone, customerAddress) VALUES ('C027', 'Gennifer Aasaf', 'gaasafg@gmail.com', '011-258-6723', '7990 Westerfield Pass');
INSERT INTO Customers (customerID, customerName, customerEmail, customerPhone, customerAddress) VALUES ('C028', 'Scot Banner', 'sbannerh@gmail.com', '014-825-6285', '4 Leroy Park');
INSERT INTO Customers (customerID, customerName, customerEmail, customerPhone, customerAddress) VALUES ('C029', 'Jervis Beteriss', 'jbeterissi@gmail.com', '010-548-2583', '0 Esker Avenue');
INSERT INTO Customers (customerID, customerName, customerEmail, customerPhone, customerAddress) VALUES ('C030', 'Marisa Buttle', 'mbuttlej@gmail.com', '011-542-5871', '8 Fuller Lane');
INSERT INTO Customers (customerID, customerName, customerEmail, customerPhone, customerAddress) VALUES ('C031', 'Sula Rutledge', 'srutledge0@gmail.com', '017-745-1769', '9142 Manitowish Lane');
INSERT INTO Customers (customerID, customerName, customerEmail, customerPhone, customerAddress) VALUES ('C032', 'Sadie culshew', 'sculshew1@gmail.com', '014-418-0906', '1 Forster Street');
INSERT INTO Customers (customerID, customerName, customerEmail, customerPhone, customerAddress) VALUES ('C033', 'Guillemette Farlham', 'gfarlham2@gmail.com', '014-951-9525', '165 Dexter Junction');
INSERT INTO Customers (customerID, customerName, customerEmail, customerPhone, customerAddress) VALUES ('C034', 'Rickie Oram', 'roram3@gmail.com', '012-475-6225', '95 Briar crest Street');
INSERT INTO Customers (customerID, customerName, customerEmail, customerPhone, customerAddress) VALUES ('C035', 'Ilysa Samper', 'isamper4@gmail.com', '011-768-6762', '43 Johnson Road');
INSERT INTO Customers (customerID, customerName, customerEmail, customerPhone, customerAddress) VALUES ('C036', 'corby currington', 'currington5@gmail.com', '010-355-8549', '1 Walton Drive');
INSERT INTO Customers (customerID, customerName, customerEmail, customerPhone, customerAddress) VALUES ('C037', 'Edouard Ormond', 'eormond6@gmail.com', '011-287-2280', '8943 Pleasure Road');
INSERT INTO Customers (customerID, customerName, customerEmail, customerPhone, customerAddress) VALUES ('C038', 'cassi Struys', 'cstruys7@gmail.com', '010-802-8989', '492 Mockingbird Alley');
INSERT INTO Customers (customerID, customerName, customerEmail, customerPhone, customerAddress) VALUES ('C039', 'Archer Jeggo', 'ajeggo8@gmail.com', '013-354-3609', '7 Express Drive');
INSERT INTO Customers (customerID, customerName, customerEmail, customerPhone, customerAddress) VALUES ('C040', 'Giles Whyke', 'gwhyke9@gmail.com', '017-703-6765', '68 Karstens crossing');
INSERT INTO Customers (customerID, customerName, customerEmail, customerPhone, customerAddress) VALUES ('C041', 'Stephanie Giberd', 'sgiberda@gmail.com', '017-241-0948', '22029 Longview Lane');
INSERT INTO Customers (customerID, customerName, customerEmail, customerPhone, customerAddress) VALUES ('C042', 'Garwood Benettelli', 'gbenettellib@gmail.com', '016-292-5572', '7377 Lukken Plaza');
INSERT INTO Customers (customerID, customerName, customerEmail, customerPhone, customerAddress) VALUES ('C043', 'Padgett chatterton', 'pchattertonc@gmail.com', '015-956-3633', '18 Northview Plaza');
INSERT INTO Customers (customerID, customerName, customerEmail, customerPhone, customerAddress) VALUES ('C044', 'Marrilee Lubeck', 'mlubeckd@gmail.com', '013-596-3028', '68 Bobwhite Road');
INSERT INTO Customers (customerID, customerName, customerEmail, customerPhone, customerAddress) VALUES ('C045', 'Roby Rallinshaw', 'rrallinshawe@gmail.com', '014-595-6012', '09812 Derek Street');
INSERT INTO Customers (customerID, customerName, customerEmail, customerPhone, customerAddress) VALUES ('C046', 'Danit Bruckenthal', 'dbruckenthalf@gmail.com', '016-604-8264', '2144 Superior court');
INSERT INTO Customers (customerID, customerName, customerEmail, customerPhone, customerAddress) VALUES ('C047', 'Trish Fulun', 'tfulung@gmail.com', '019-906-0965', '5 Paget Way');
INSERT INTO Customers (customerID, customerName, customerEmail, customerPhone, customerAddress) VALUES ('C048', 'Amandi Kendle', 'akendleh@gmail.com', '014-369-5247', '63 Reindahl Way');
INSERT INTO Customers (customerID, customerName, customerEmail, customerPhone, customerAddress) VALUES ('C049', 'Phyllys Syplus', 'psyplusi@gmail.com', '015-309-2554', '7 Anzinger Park');
INSERT INTO Customers (customerID, customerName, customerEmail, customerPhone, customerAddress) VALUES ('C050', 'Darlene Ingraham', 'dingrahamj@gmail.com', '017-493-5802', '3 Bay Parkway');

INSERT INTO Items (itemsID, itemName, itemDescription, itemPrice, itemAvailability, categoryID) VALUES ('I001', 'Premium Chicken Chop', 'Tender and juicy chicken chop seasoned with our special blend of herbs and spices, grilled to perfection.', 24.00, 'Available', 'CA001');
INSERT INTO Items (itemsID, itemName, itemDescription, itemPrice, itemAvailability, categoryID) VALUES ('I002', 'Grilled Chicken Chop', 'A healthier alternative to our premium chicken chop, grilled to perfection without compromising on flavor.', 26.00, 'Available', 'CA001');
INSERT INTO Items (itemsID, itemName, itemDescription, itemPrice, itemAvailability, categoryID) VALUES ('I003', 'Grilled Pork Chop', 'Succulent pork chop marinated with a savory mix of herbs and spices, grilled to perfection.', 30.00, 'Available', 'CA001');
INSERT INTO Items (itemsID, itemName, itemDescription, itemPrice, itemAvailability, categoryID) VALUES ('I004', 'Golden Fish Filet', 'Crispy and flavorful fish Filet coated with our special batter, deep-fried to a golden brown.', 31.00, 'Available', 'CA001');
INSERT INTO Items (itemsID, itemName, itemDescription, itemPrice, itemAvailability, categoryID) VALUES ('I005', 'Norwegian Salmon With Lemon Butter Sauce', 'Fresh Norwegian salmon served with a zesty lemon butter sauce, a delectable choice for seafood lovers.', 46.00, 'Available', 'CA001');
INSERT INTO Items (itemsID, itemName, itemDescription, itemPrice, itemAvailability, categoryID) VALUES ('I006', 'Kerabu Chicken Chop', 'An explosion of flavors! Our traditional Malaysian-style chicken chop topped with spicy and tangy kerabu salad.', 29.00, 'Available', 'CA001');
INSERT INTO Items (itemsID, itemName, itemDescription, itemPrice, itemAvailability, categoryID) VALUES ('I007', 'Kerabu Fish Filet', 'A fusion of tastes! Our golden fish Filet topped with refreshing and zesty kerabu salad.', 34.00, 'Available', 'CA001');
INSERT INTO Items (itemsID, itemName, itemDescription, itemPrice, itemAvailability, categoryID) VALUES ('I008', 'Forest Curry Chicken Chop', 'A delightful blend of Malaysian and Thai influences, our chicken chop is smothered in aromatic forest curry sauce.', 26.00, 'Available', 'CA001');
INSERT INTO Items (itemsID, itemName, itemDescription, itemPrice, itemAvailability, categoryID) VALUES ('I009', 'Kerabu Salmon', 'Fresh Norwegian salmon paired with spicy and tangy kerabu salad, a mouthwatering combination.', 46.00, 'Available', 'CA001');
INSERT INTO Items (itemsID, itemName, itemDescription, itemPrice, itemAvailability, categoryID) VALUES ('I010', 'AI Fungi', 'A vegetarian delight! Pasta tossed in a creamy mushroom sauce with a medley of fresh mushrooms.', 23.00, 'Available', 'CA002');
INSERT INTO Items (itemsID, itemName, itemDescription, itemPrice, itemAvailability, categoryID) VALUES ('I011', 'Chicken Bolognese', 'Hearty and satisfying! Spaghetti served with a rich and savory chicken bolognese sauce.', 22.00, 'Available', 'CA002');
INSERT INTO Items (itemsID, itemName, itemDescription, itemPrice, itemAvailability, categoryID) VALUES ('I012', 'Classic Carbonara', 'Indulge in the classic Italian favorite! Spaghetti tossed in a creamy carbonara sauce with bacon and parmesan cheese.', 29.00, 'Available', 'CA002');
INSERT INTO Items (itemsID, itemName, itemDescription, itemPrice, itemAvailability, categoryID) VALUES ('I013', 'Seafood Aglio Olio', 'Simple yet flavorful! Spaghetti infused with garlic, chili flakes, and olive oil, topped with a medley of fresh seafood.', 31.00, 'Available', 'CA002');
INSERT INTO Items (itemsID, itemName, itemDescription, itemPrice, itemAvailability, categoryID) VALUES ('I014', 'Grilled Salmon Aglio Olio', 'Healthy and delicious! Grilled salmon served on a bed of aglio olio pasta, a perfect combination.', 34.00, 'Available', 'CA002');
INSERT INTO Items (itemsID, itemName, itemDescription, itemPrice, itemAvailability, categoryID) VALUES ('I015', 'Spicy And Creamy Seafood Pasta', 'An explosion of flavors! Creamy pasta with a spicy kick, loaded with a variety of delectable seafood.', 32.00, 'Available', 'CA002');
INSERT INTO Items (itemsID, itemName, itemDescription, itemPrice, itemAvailability, categoryID) VALUES ('I016', 'Seafood Marinara', 'A seafood lovers dream! Pasta served with a rich marinara sauce, brimming with the goodness of fresh seafood.', 31.00, 'Available', 'CA002');
INSERT INTO Items (itemsID, itemName, itemDescription, itemPrice, itemAvailability, categoryID) VALUES ('I017', 'Peanut Sauce Pork Burger', 'Juicy pork patty topped with a savory peanut sauce, a unique twist to a classic burger.', 29.00, 'Available', 'CA003');
INSERT INTO Items (itemsID, itemName, itemDescription, itemPrice, itemAvailability, categoryID) VALUES ('I018', 'Golden Fish Burger', 'A seafood delight! Crispy fish Filet served on a soft burger bun with fresh vegetables and special sauce.', 24.00, 'Available', 'CA003');
INSERT INTO Items (itemsID, itemName, itemDescription, itemPrice, itemAvailability, categoryID) VALUES ('I019', 'Wagyu Beef Burger', 'Indulge in the ultimate burger experience! Premium wagyu beef patty topped with gourmet ingredients.', 39.00, 'Available', 'CA003');
INSERT INTO Items (itemsID, itemName, itemDescription, itemPrice, itemAvailability, categoryID) VALUES ('I020', 'Hot And Spicy Chicken Burger', 'For spice enthusiasts! Fiery hot chicken patty served on a toasted bun with cooling accompaniments.', 31.00, 'Available', 'CA003');
INSERT INTO Items (itemsID, itemName, itemDescription, itemPrice, itemAvailability, categoryID) VALUES ('I021', 'Signature Cheese Pizza', 'A timeless favorite! Our classic cheese pizza with a thin and crispy crust.', 30.00, 'Available', 'CA004');
INSERT INTO Items (itemsID, itemName, itemDescription, itemPrice, itemAvailability, categoryID) VALUES ('I022', 'Hawaiian Chicken Pizza', 'Tropical flavors in every bite! Savory chicken, juicy pineapple, and melted cheese on a pizza crust.', 23.00, 'Available', 'CA004');
INSERT INTO Items (itemsID, itemName, itemDescription, itemPrice, itemAvailability, categoryID) VALUES ('I023', 'Mediterranean Seafood Pizza', 'A taste of the Mediterranean! A seafood pizza loaded with fresh seafood and Mediterranean herbs.', 43.00, 'Available', 'CA004');
INSERT INTO Items (itemsID, itemName, itemDescription, itemPrice, itemAvailability, categoryID) VALUES ('I024', 'Garlic Bread (A la carte)', 'Buttery and garlicky, our garlic bread makes for a delightful appetizer or side.', 10.00, 'Available', 'CA005');
INSERT INTO Items (itemsID, itemName, itemDescription, itemPrice, itemAvailability, categoryID) VALUES ('I025', 'Mushroom Soup (A la carte)', 'A comforting bowl of creamy mushroom soup, made with a blend of fresh mushrooms.', 11.00, 'Available', 'CA005');
INSERT INTO Items (itemsID, itemName, itemDescription, itemPrice, itemAvailability, categoryID) VALUES ('I026', 'Mashed Potato (A la carte)', 'Smooth and buttery mashed potatoes, the perfect accompaniment to any main course.', 11.00, 'Available', 'CA005');
INSERT INTO Items (itemsID, itemName, itemDescription, itemPrice, itemAvailability, categoryID) VALUES ('I027', 'French Fries', 'Golden, crispy, and perfectly salted, our classic French fries are the perfect side for any meal.', 14.00, 'Available', 'CA006');
INSERT INTO Items (itemsID, itemName, itemDescription, itemPrice, itemAvailability, categoryID) VALUES ('I028', 'Wedges', 'Crispy and seasoned potato wedges, a delightful alternative to traditional French fries.', 16.00, 'Available', 'CA006');
INSERT INTO Items (itemsID, itemName, itemDescription, itemPrice, itemAvailability, categoryID) VALUES ('I029', 'Chicken Wings', 'Juicy and flavorful chicken wings, served with your choice of dipping sauce.', 24.00, 'Available', 'CA006');
INSERT INTO Items (itemsID, itemName, itemDescription, itemPrice, itemAvailability, categoryID) VALUES ('I030', 'Jumbo Hotdog', 'A classic favorite! A jumbo-sized hotdog served in a soft bun with a variety of toppings.', 16.00, 'Available', 'CA006');
INSERT INTO Items (itemsID, itemName, itemDescription, itemPrice, itemAvailability, categoryID) VALUES ('I031', 'Popcorn Chicken', 'Addictively delicious! Bite-sized pieces of fried chicken, perfect for snacking.', 22.00, 'Available', 'CA006');
INSERT INTO Items (itemsID, itemName, itemDescription, itemPrice, itemAvailability, categoryID) VALUES ('I032', 'Apple Juice', '100% pure apple juice, refreshing and natural.', 12.00, 'Available', 'CA007');
INSERT INTO Items (itemsID, itemName, itemDescription, itemPrice, itemAvailability, categoryID) VALUES ('I033', 'Orange Juice', 'Freshly squeezed orange juice, bursting with vitamin C.', 12.00, 'Available', 'CA007');
INSERT INTO Items (itemsID, itemName, itemDescription, itemPrice, itemAvailability, categoryID) VALUES ('I034', 'Watermelon Juice', 'Cool and refreshing watermelon juice, perfect for quenching your thirst.', 12.00, 'Available', 'CA007');
INSERT INTO Items (itemsID, itemName, itemDescription, itemPrice, itemAvailability, categoryID) VALUES ('I035', '100 Plus', 'The ultimate thirst quencher! An isotonic drink to rehydrate and re-energize.', 8.00, 'Available', 'CA008');
INSERT INTO Items (itemsID, itemName, itemDescription, itemPrice, itemAvailability, categoryID) VALUES ('I036', 'Coke', 'Classic Coca-Cola, a timeless fizzy beverage.', 8.00, 'Available', 'CA008');
INSERT INTO Items (itemsID, itemName, itemDescription, itemPrice, itemAvailability, categoryID) VALUES ('I037', 'Sprite', 'Zesty and refreshing Sprite, a perfect accompaniment to any meal.', 8.00, 'Available', 'CA008');
INSERT INTO Items (itemsID, itemName, itemDescription, itemPrice, itemAvailability, categoryID) VALUES ('I038', 'Oreo Ice Blended', 'A delightful icy treat! Creamy Oreo ice blended to perfection.', 17.00, 'Available', 'CA009');
INSERT INTO Items (itemsID, itemName, itemDescription, itemPrice, itemAvailability, categoryID) VALUES ('I039', 'Oreo Milkshake', 'Indulge in the classic Oreo milkshake, rich and velvety.', 18.00, 'Available', 'CA009');
INSERT INTO Items (itemsID, itemName, itemDescription, itemPrice, itemAvailability, categoryID) VALUES ('I040', 'Chocolate Ice Blended', 'A chocolate lovers delight! A rich and smooth chocolate ice blended beverage.', 18.00, 'Available', 'CA009');
INSERT INTO Items (itemsID, itemName, itemDescription, itemPrice, itemAvailability, categoryID) VALUES ('I041', 'Chocolate Milkshake', 'Creamy and chocolaty! A classic chocolate milkshake that never disappoints.', 19.00, 'Available', 'CA009');
INSERT INTO Items (itemsID, itemName, itemDescription, itemPrice, itemAvailability, categoryID) VALUES ('I042', 'Matcha Ice Blended', 'For matcha enthusiasts! A refreshing ice blended drink with the goodness of matcha.', 19.00, 'Available', 'CA009');
INSERT INTO Items (itemsID, itemName, itemDescription, itemPrice, itemAvailability, categoryID) VALUES ('I043', 'Classic Mojito', 'A classic cocktail made with fresh mint leaves, lime, sugar, and sparkling water.', 25.00, 'Available', 'CA010');
INSERT INTO Items (itemsID, itemName, itemDescription, itemPrice, itemAvailability, categoryID) VALUES ('I044', 'Royal Martini', 'Elevate your evening with our royal martini, a sophisticated and timeless cocktail.', 25.00, 'Available', 'CA010');
INSERT INTO Items (itemsID, itemName, itemDescription, itemPrice, itemAvailability, categoryID) VALUES ('I045', 'Raspberry Mojito', 'A fruity twist on the classic mojito, with the addition of fresh raspberries.', 25.00, 'Available', 'CA010');
INSERT INTO Items (itemsID, itemName, itemDescription, itemPrice, itemAvailability, categoryID) VALUES ('I046', 'Bourbon Flip', 'For bourbon enthusiasts! A smooth and indulgent bourbon-based cocktail.', 25.00, 'Available', 'CA010');
INSERT INTO Items (itemsID, itemName, itemDescription, itemPrice, itemAvailability, categoryID) VALUES ('I047', 'Manhattan', 'A timeless classic! Rye whiskey, vermouth, and bitters come together in this iconic cocktail.', 25.00, 'Available', 'CA010');
INSERT INTO Items (itemsID, itemName, itemDescription, itemPrice, itemAvailability, categoryID) VALUES ('I048', 'Tiger', 'A crisp and refreshing lager beer, perfect for enjoying with friends.', 13.00, 'Available', 'CA010');
INSERT INTO Items (itemsID, itemName, itemDescription, itemPrice, itemAvailability, categoryID) VALUES ('I049', 'Heineken', 'A premium lager beer with a balanced and smooth taste.', 15.00, 'Available', 'CA010');
INSERT INTO Items (itemsID, itemName, itemDescription, itemPrice, itemAvailability, categoryID) VALUES ('I050', 'Guinness', 'A rich and velvety stout beer with notes of coffee and chocolate.', 15.00, 'Available', 'CA010');
INSERT INTO Items (itemsID, itemName, itemDescription, itemPrice, itemAvailability, categoryID) VALUES ('I051', 'Vanilla Ice Cream', 'Indulge in the timeless allure of our creamy vanilla ice cream.', 5.00, 'Available', 'CA011');
INSERT INTO Items (itemsID, itemName, itemDescription, itemPrice, itemAvailability, categoryID) VALUES ('I052', 'Chocolate Ice Cream', 'Dive into the indulgent charm of our smooth chocolate ice cream.', 5.00, 'Available', 'CA011');
INSERT INTO Items (itemsID, itemName, itemDescription, itemPrice, itemAvailability, categoryID) VALUES ('I053', 'Cheese Cake', 'Velvety cheesecake perfection with a buttery crust.', 8.00, 'Available', 'CA011');

INSERT INTO Suppliers (supplierID, supplierName, supplierPhone, supplierEmail) VALUES ('S001', 'Demetris Klosterman', '017-497-3490', 'dklosterman0@gmail.com');
INSERT INTO Suppliers (supplierID, supplierName, supplierPhone, supplierEmail) VALUES ('S002', 'Fallon Circuitt', '017-232-5034', 'fcircuitt1@gmail.com');
INSERT INTO Suppliers (supplierID, supplierName, supplierPhone, supplierEmail) VALUES ('S003', 'Stevana Fibbens', '016-456-0593', 'sfibbens2@gmail.com');
INSERT INTO Suppliers (supplierID, supplierName, supplierPhone, supplierEmail) VALUES ('S004', 'Anabelle McIlwreath', '019-329-5842', 'amcilwreath3@gmail.com');
INSERT INTO Suppliers (supplierID, supplierName, supplierPhone, supplierEmail) VALUES ('S005', 'Klara Top', '019-266-8651', 'ktop4@gmail.com');
INSERT INTO Suppliers (supplierID, supplierName, supplierPhone, supplierEmail) VALUES ('S006', 'Olivie Jager', '016-976-1115', 'ojager5@gmail.com');
INSERT INTO Suppliers (supplierID, supplierName, supplierPhone, supplierEmail) VALUES ('S007', 'Leif Clew', '017-538-9767', 'lclew6@gmail.com');
INSERT INTO Suppliers (supplierID, supplierName, supplierPhone, supplierEmail) VALUES ('S008', 'Wynnie Brayford', '017-293-5783', 'wbrayford7@gmail.com');
INSERT INTO Suppliers (supplierID, supplierName, supplierPhone, supplierEmail) VALUES ('S009', 'Tandi de Amaya', '017-343-5713', 'tde8@gmail.com');
INSERT INTO Suppliers (supplierID, supplierName, supplierPhone, supplierEmail) VALUES ('S010', 'Piper Osburn', '011-927-4579', 'posburn9@gmail.com');

INSERT INTO working_Sections (sectionID, sectionName, sectionDescription) VALUES ('WS001', 'Dining', 'Serve customer');
INSERT INTO working_Sections (sectionID, sectionName, sectionDescription) VALUES ('WS002', 'Counter', 'Make payment');
INSERT INTO working_Sections (sectionID, sectionName, sectionDescription) VALUES ('WS003', 'Bar', 'Prepare beveranges');
INSERT INTO working_Sections (sectionID, sectionName, sectionDescription) VALUES ('WS004', 'Kitchen', 'Prepare food');

INSERT INTO Employees (employeeid, employeeName, employeePhone, employeePosition, employeeSalary, employeeHireDate, sectionID) VALUES ('E001', 'Fancy Cornock', '011-525-9231', 'Manager', 5000, TO_DATE('05/09/2023', 'MM/DD/YYYY'), 'WS001');
INSERT INTO Employees (employeeid, employeeName, employeePhone, employeePosition, employeeSalary, employeeHireDate, sectionID) VALUES ('E002', 'Dominica Allsup', '011-922-3867', 'Head Chef', 4300, TO_DATE('05/07/2023', 'MM/DD/YYYY'), 'WS004');
INSERT INTO Employees (employeeid, employeeName, employeePhone, employeePosition, employeeSalary, employeeHireDate, sectionID) VALUES ('E003', 'Filmer Fallows', '016-529-3513', 'Supervisor', 4300, TO_DATE('05/01/2023', 'MM/DD/YYYY'), 'WS001');
INSERT INTO Employees (employeeid, employeeName, employeePhone, employeePosition, employeeSalary, employeeHireDate, sectionID) VALUES ('E004', 'Carmina Absalom', '017-865-6870', 'Cashier', 3000, TO_DATE('05/10/2023', 'MM/DD/YYYY'), 'WS002');
INSERT INTO Employees (employeeid, employeeName, employeePhone, employeePosition, employeeSalary, employeeHireDate, sectionID) VALUES ('E005', 'Hugues Lindell', '016-145-6109', 'Waiter', 2800, TO_DATE('05/18/2023', 'MM/DD/YYYY'), 'WS001');
INSERT INTO Employees (employeeid, employeeName, employeePhone, employeePosition, employeeSalary, employeeHireDate, sectionID) VALUES ('E006', 'Xymenes Marini', '012-560-1710', 'Waiter', 2800, TO_DATE('05/14/2023', 'MM/DD/YYYY'), 'WS001');
INSERT INTO Employees (employeeid, employeeName, employeePhone, employeePosition, employeeSalary, employeeHireDate, sectionID) VALUES ('E007', 'Cobbie Iorizzo', '017-483-0496', 'Waiter', 2800, TO_DATE('05/09/2023', 'MM/DD/YYYY'), 'WS001');
INSERT INTO Employees (employeeid, employeeName, employeePhone, employeePosition, employeeSalary, employeeHireDate, sectionID) VALUES ('E008', 'Emmye Bevington', '011-560-6288', 'Waiter', 2800, TO_DATE('06/02/2023', 'MM/DD/YYYY'), 'WS001');
INSERT INTO Employees (employeeid, employeeName, employeePhone, employeePosition, employeeSalary, employeeHireDate, sectionID) VALUES ('E009', 'Mommy Plaide', '016-825-9057', 'Waiter', 2800, TO_DATE('05/31/2023', 'MM/DD/YYYY'), 'WS001');
INSERT INTO Employees (employeeid, employeeName, employeePhone, employeePosition, employeeSalary, employeeHireDate, sectionID) VALUES ('E010', 'Mindy Sommerlin', '010-451-5730', 'Waiter', 2800, TO_DATE('06/29/2023', 'MM/DD/YYYY'), 'WS001');
INSERT INTO Employees (employeeid, employeeName, employeePhone, employeePosition, employeeSalary, employeeHireDate, sectionID) VALUES ('E011', 'Emily Barbie', '014-411-5470', 'Bartender', 3000, TO_DATE('06/29/2023', 'MM/DD/YYYY'), 'WS003');
INSERT INTO Employees (employeeid, employeeName, employeePhone, employeePosition, employeeSalary, employeeHireDate, sectionID) VALUES ('E012', 'Kitty Bosh', '014-144-7540', 'Chef', 3000, TO_DATE('05/08/2023', 'MM/DD/YYYY'), 'WS004');
INSERT INTO Employees (employeeid, employeeName, employeePhone, employeePosition, employeeSalary, employeeHireDate, sectionID) VALUES ('E013', 'Bobby Hush', '014-231-2145', 'Chef', 3000, TO_DATE('05/08/2023', 'MM/DD/YYYY'), 'WS004');
INSERT INTO Employees (employeeid, employeeName, employeePhone, employeePosition, employeeSalary, employeeHireDate, sectionID) VALUES ('E014', 'Klemens Philbin', '016-312-2675', 'Deliveryman', 3000, TO_DATE('05/14/2023', 'MM/DD/YYYY'), 'WS001');
INSERT INTO Employees (employeeid, employeeName, employeePhone, employeePosition, employeeSalary, employeeHireDate, sectionID) VALUES ('E015', 'Giulia Boldero', '019-257-6745', 'Deliveryman', 3000, TO_DATE('05/29/2023', 'MM/DD/YYYY'), 'WS001');

INSERT INTO SetMeals (setMealID, setMealName, setMealDescription, setMealPrice, categoryID) values ('SM001', 'Premium Chicken Chop Set', 'Premium Chicken Chop with mushroom soup as appetizer, and mix flavoured ice cream as dessert.', 33.00,'CA001');
INSERT INTO SetMeals (setMealID, setMealName, setMealDescription, setMealPrice, categoryID) values ('SM002', 'Grill Chicken Chop Set', 'Grill Chicken Chop with mashed potato on the side, and cheese cake as dessert.', 35.00,'CA001');
INSERT INTO SetMeals (setMealID, setMealName, setMealDescription, setMealPrice, categoryID) values ('SM003', 'Deluxe Chicken Burger Set', 'Deluxe chicken burger with crispy fries and caramel sundae as dessert.', 29.50,'CA003');
INSERT INTO SetMeals (setMealID, setMealName, setMealDescription, setMealPrice, categoryID) values ('SM004', 'Classic Margherita Pizza Set', 'Classic margherita pizza with garlic knots and chocolate truffle cake as dessert.', 26.00,'CA004');
INSERT INTO SetMeals (setMealID, setMealName, setMealDescription, setMealPrice, categoryID) values ('SM005', 'Mozzarella Sticks Set', 'Golden mozzarella sticks with marinara sauce and vanilla milkshake as dessert.', 23.00,'CA005');
INSERT INTO SetMeals (setMealID, setMealName, setMealDescription, setMealPrice, categoryID) values ('SM006', 'Green Detox Juice Set', 'Green detox juice with avocado toast and matcha cheesecake as dessert.', 20.50,'CA007');
INSERT INTO SetMeals (setMealID, setMealName, setMealDescription, setMealPrice, categoryID) values ('SM007', 'Iced Coffee Set', 'Iced coffee with breakfast sandwich and coffee cream pie as dessert.', 18.00,'CA008');
INSERT INTO SetMeals (setMealID, setMealName, setMealDescription, setMealPrice, categoryID) values ('SM008', 'Veggie Wrap Set', 'Healthy veggie wrap with mixed greens and fruit medley as dessert.', 22.50,'CA006');
INSERT INTO SetMeals (setMealID, setMealName, setMealDescription, setMealPrice, categoryID) values ('SM009', 'Classic Hot Dog Set', 'Classic hot dog with crispy onion rings and cherry pie as dessert.', 17.50,'CA005');
INSERT INTO SetMeals (setMealID, setMealName, setMealDescription, setMealPrice, categoryID) values ('SM010', 'Citrus Burst Smoothie Set', 'Refreshing citrus burst smoothie with tropical fruit bowl and citrus tart as dessert.', 21.00,'CA007');
INSERT INTO SetMeals (setMealID, setMealName, setMealDescription, setMealPrice, categoryID) values ('SM011', 'Margarita Cocktail Set', 'Classic margarita cocktail with nacho platter and churros as dessert.', 24.00,'CA010');
INSERT INTO SetMeals (setMealID, setMealName, setMealDescription, setMealPrice, categoryID) values ('SM012', 'Mojito Set', 'Refreshing mojito with Caribbean-style rice and mango sorbet as dessert.', 22.50,'CA010');
INSERT INTO SetMeals (setMealID, setMealName, setMealDescription, setMealPrice, categoryID) values ('SM013', 'Chocolate Mousse Set', 'Rich chocolate mousse with whipped cream and chocolate shavings.', 18.50,'CA011');
INSERT INTO SetMeals (setMealID, setMealName, setMealDescription, setMealPrice, categoryID) values ('SM014', 'Tropical Fruit Salad Set', 'Tropical fruit salad with yogurt and honey drizzle.', 16.00,'CA011');
INSERT INTO SetMeals (setMealID, setMealName, setMealDescription, setMealPrice, categoryID) values ('SM015', 'Grilled Portobello Mushroom Set', 'Grilled portobello mushroom with quinoa salad and fresh fruit platter as dessert.', 28.00,'CA001');
INSERT INTO SetMeals (setMealID, setMealName, setMealDescription, setMealPrice, categoryID) values ('SM016', 'Chicken Shawarma Set', 'Flavorful chicken shawarma with hummus and baklava as dessert.', 24.50,'CA001');
INSERT INTO SetMeals (setMealID, setMealName, setMealDescription, setMealPrice, categoryID) values ('SM017', 'Seafood Paella Set', 'Savory seafood paella with garlic bread and tres leches cake as dessert.', 33.50,'CA002');
INSERT INTO SetMeals (setMealID, setMealName, setMealDescription, setMealPrice, categoryID) values ('SM018', 'Spaghetti Carbonara Set', 'Classic spaghetti carbonara with Caesar salad and tiramisu as dessert.', 29.00,'CA002');
INSERT INTO SetMeals (setMealID, setMealName, setMealDescription, setMealPrice, categoryID) values ('SM019', 'Vegan Beyond Burger Set', 'Vegan beyond burger with sweet potato fries and coconut bliss as dessert.', 27.50,'CA003');
INSERT INTO SetMeals (setMealID, setMealName, setMealDescription, setMealPrice, categoryID) values ('SM020', 'Pepperoni Lover"s Pizza Set', 'Pepperoni lover"s pizza with cheesy breadsticks and cannoli as dessert.', 30.50,'CA004');
INSERT INTO SetMeals (setMealID, setMealName, setMealDescription, setMealPrice, categoryID) values ('SM021', 'Loaded Potato Skins Set', 'Loaded potato skins with sour cream and chives, and banana fritters as dessert.', 26.00,'CA005'); 
INSERT INTO SetMeals (setMealID, setMealName, setMealDescription, setMealPrice, categoryID) values ('SM022', 'Fruit Punch Set', 'Refreshing fruit punch with club sandwich and tropical fruit parfait as dessert.', 19.50,'CA007');
INSERT INTO SetMeals (setMealID, setMealName, setMealDescription, setMealPrice, categoryID) values ('SM023', 'Iced Tea Set', 'Refreshing iced tea with chicken Caesar wrap and lemon bars as dessert.', 18.00,'CA008');
INSERT INTO SetMeals (setMealID, setMealName, setMealDescription, setMealPrice, categoryID) values ('SM024', 'Tropical Smoothie Set', 'Tropical smoothie with tropical fruit salad and coconut macaroons as dessert.', 20.00,'CA007');
INSERT INTO SetMeals (setMealID, setMealName, setMealDescription, setMealPrice, categoryID) values ('SM025', 'Cosmopolitan Cocktail Set', 'Cosmopolitan cocktail with cheese platter and raspberry cheesecake as dessert.', 23.50,'CA010');
INSERT INTO SetMeals (setMealID, setMealName, setMealDescription, setMealPrice, categoryID) values ('SM026', 'Piña Colada Set', 'Classic piña colada with jerk chicken tacos and pineapple upside-down cake as dessert.', 25.00,'CA010');
INSERT INTO SetMeals (setMealID, setMealName, setMealDescription, setMealPrice, categoryID) values ('SM027', 'Mango Sorbet Set', 'Refreshing mango sorbet served in a fresh mango shell.', 14.50,'CA011');
INSERT INTO SetMeals (setMealID, setMealName, setMealDescription, setMealPrice, categoryID) values ('SM028', 'Cookies And Cream Parfait Set', 'Cookies And cream parfait with layers of cookies, cream, and chocolate fudge.', 15.00,'CA011');
INSERT INTO SetMeals (setMealID, setMealName, setMealDescription, setMealPrice, categoryID) values ('SM029', 'Stuffed Bell Peppers Set', 'Stuffed bell peppers with Mediterranean salad and fruit salad as dessert.', 26.50,'CA001');
INSERT INTO SetMeals (setMealID, setMealName, setMealDescription, setMealPrice, categoryID) values ('SM030', 'Salmon Filet Set', 'Grilled salmon Filet with quinoa and mixed greens, and berry compote as dessert.', 29.00,'CA001');

INSERT INTO Ingredients (ingredientID, ingredientName, ingredientQuantity, ingredientUnitOfMeasurement,ingredientPrice, supplierID) VALUES ('ING001', 'Chicken', 50, 'Unit', 5.00, 'S001');
INSERT INTO Ingredients (ingredientID, ingredientName, ingredientQuantity, ingredientUnitOfMeasurement,ingredientPrice, supplierID) VALUES ('ING002', 'Fish', 50, 'Unit', 4.00, 'S002');
INSERT INTO Ingredients (ingredientID, ingredientName, ingredientQuantity, ingredientUnitOfMeasurement,ingredientPrice, supplierID) VALUES ('ING003', 'Wagyu', 20, 'Unit', 4.00, 'S003');
INSERT INTO Ingredients (ingredientID, ingredientName, ingredientQuantity, ingredientUnitOfMeasurement,ingredientPrice, supplierID) VALUES ('ING004', 'Pork', 50, 'Unit', 5.00, 'S001');
INSERT INTO Ingredients (ingredientID, ingredientName, ingredientQuantity, ingredientUnitOfMeasurement,ingredientPrice, supplierID) VALUES ('ING005', 'French Fries', 10, 'Pack', 20.00, 'S004');
INSERT INTO Ingredients (ingredientID, ingredientName, ingredientQuantity, ingredientUnitOfMeasurement,ingredientPrice, supplierID) VALUES ('ING006', 'Wedges', 10, 'Pack', 6.00, 'S004');
INSERT INTO Ingredients (ingredientID, ingredientName, ingredientQuantity, ingredientUnitOfMeasurement,ingredientPrice, supplierID) VALUES ('ING007', 'Jumbo Hotdog', 10, 'Pack', 10.00, 'S004');
INSERT INTO Ingredients (ingredientID, ingredientName, ingredientQuantity, ingredientUnitOfMeasurement,ingredientPrice, supplierID) VALUES ('ING000', 'Chicken Wings', 10, 'Pack', 10.00, 'S004');
INSERT INTO Ingredients (ingredientID, ingredientName, ingredientQuantity, ingredientUnitOfMeasurement,ingredientPrice, supplierID) VALUES ('ING009', 'Salmon', 20, 'Unit', 4.00, 'S005');
INSERT INTO Ingredients (ingredientID, ingredientName, ingredientQuantity, ingredientUnitOfMeasurement,ingredientPrice, supplierID) VALUES ('ING010', 'Parmesan Cheese', 10, 'Pack', 6.00, 'S006');
INSERT INTO Ingredients (ingredientID, ingredientName, ingredientQuantity, ingredientUnitOfMeasurement,ingredientPrice, supplierID) VALUES ('ING011', 'Chili Sauce', 20, 'Bottle', 5.00, 'S007');
INSERT INTO Ingredients (ingredientID, ingredientName, ingredientQuantity, ingredientUnitOfMeasurement,ingredientPrice, supplierID) VALUES ('ING012', 'Tomato Sauce', 20, 'Bottle', 15.00, 'S007');
INSERT INTO Ingredients (ingredientID, ingredientName, ingredientQuantity, ingredientUnitOfMeasurement,ingredientPrice, supplierID) VALUES ('ING013', 'Soft Beverage', 9, 'Carton', 7.00, 'S008');
INSERT INTO Ingredients (ingredientID, ingredientName, ingredientQuantity, ingredientUnitOfMeasurement,ingredientPrice, supplierID) VALUES ('ING014', 'Milk', 10, 'Bottle', 2.00, 'S008');
INSERT INTO Ingredients (ingredientID, ingredientName, ingredientQuantity, ingredientUnitOfMeasurement,ingredientPrice, supplierID) VALUES ('ING015', 'Liquor', 20, 'Bottle', 10.00, 'S009');
INSERT INTO Ingredients (ingredientID, ingredientName, ingredientQuantity, ingredientUnitOfMeasurement,ingredientPrice, supplierID) VALUES ('ING016', 'Beer', 50, 'Bottle', 8.00, 'S009');
INSERT INTO Ingredients (ingredientID, ingredientName, ingredientQuantity, ingredientUnitOfMeasurement,ingredientPrice, supplierID) VALUES ('ING017', 'Fruit', 30, 'Unit', 2.00, 'S010');
INSERT INTO Ingredients (ingredientID, ingredientName, ingredientQuantity, ingredientUnitOfMeasurement,ingredientPrice, supplierID) VALUES ('ING018', 'Spaghetti', 50, 'Pack', 5.00, 'S006');
INSERT INTO Ingredients (ingredientID, ingredientName, ingredientQuantity, ingredientUnitOfMeasurement,ingredientPrice, supplierID) VALUES ('ING019', 'Oreo Powder', 5, 'Pack', 8.00, 'S008');
INSERT INTO Ingredients (ingredientID, ingredientName, ingredientQuantity, ingredientUnitOfMeasurement,ingredientPrice, supplierID) VALUES ('ING020', 'Chocolate Powder', 5, 'Pack', 10.00, 'S008');
INSERT INTO Ingredients (ingredientID, ingredientName, ingredientQuantity, ingredientUnitOfMeasurement,ingredientPrice, supplierID) VALUES ('ING021', 'Pizza Dough', 5, 'Pack', 8.00, 'S008');
INSERT INTO Ingredients (ingredientID, ingredientName, ingredientQuantity, ingredientUnitOfMeasurement,ingredientPrice, supplierID) VALUES ('ING022', 'Garlic Bread', 5, 'Pack', 3.00, 'S006');
INSERT INTO Ingredients (ingredientID, ingredientName, ingredientQuantity, ingredientUnitOfMeasurement,ingredientPrice, supplierID) VALUES ('ING023', 'Mushroom', 5, 'Pack', 3.00, 'S006');
INSERT INTO Ingredients (ingredientID, ingredientName, ingredientQuantity, ingredientUnitOfMeasurement,ingredientPrice, supplierID) VALUES ('ING024', 'Potato', 50, 'Pack', 1.00, 'S008');
INSERT INTO Ingredients (ingredientID, ingredientName, ingredientQuantity, ingredientUnitOfMeasurement,ingredientPrice, supplierID) VALUES ('ING025', 'Matcha Powder', 10, 'Pack', 10.00, 'S002');
INSERT INTO Ingredients (ingredientID, ingredientName, ingredientQuantity, ingredientUnitOfMeasurement,ingredientPrice, supplierID) VALUES ('ING026', 'Ice Cream', 10, 'Pack', 3.00, 'S002');
INSERT INTO Ingredients (ingredientID, ingredientName, ingredientQuantity, ingredientUnitOfMeasurement,ingredientPrice, supplierID) VALUES ('ING027', 'Cheese Cake', 10, 'Unit', 5.00, 'S002');

INSERT INTO ItemIngredients (itemIngredientID, itemsID, ingredientID) VALUES ('II001', 'I001', 'ING001');
INSERT INTO ItemIngredients (itemIngredientID, itemsID, ingredientID) VALUES ('II002', 'I002', 'ING001');
INSERT INTO ItemIngredients (itemIngredientID, itemsID, ingredientID) VALUES ('II003', 'I003', 'ING004');
INSERT INTO ItemIngredients (itemIngredientID, itemsID, ingredientID) VALUES ('II004', 'I004', 'ING002');
INSERT INTO ItemIngredients (itemIngredientID, itemsID, ingredientID) VALUES ('II005', 'I005', 'ING009');
INSERT INTO ItemIngredients (itemIngredientID, itemsID, ingredientID) VALUES ('II006', 'I006', 'ING001');
INSERT INTO ItemIngredients (itemIngredientID, itemsID, ingredientID) VALUES ('II007', 'I007', 'ING002');
INSERT INTO ItemIngredients (itemIngredientID, itemsID, ingredientID) VALUES ('II008', 'I008', 'ING001');
INSERT INTO ItemIngredients (itemIngredientID, itemsID, ingredientID) VALUES ('II009', 'I009', 'ING009');
INSERT INTO ItemIngredients (itemIngredientID, itemsID, ingredientID) VALUES ('II010', 'I010', 'ING018');
INSERT INTO ItemIngredients (itemIngredientID, itemsID, ingredientID) VALUES ('II011', 'I011', 'ING018');
INSERT INTO ItemIngredients (itemIngredientID, itemsID, ingredientID) VALUES ('II012', 'I012', 'ING018');
INSERT INTO ItemIngredients (itemIngredientID, itemsID, ingredientID) VALUES ('II013', 'I013', 'ING018');
INSERT INTO ItemIngredients (itemIngredientID, itemsID, ingredientID) VALUES ('II014', 'I014', 'ING018');
INSERT INTO ItemIngredients (itemIngredientID, itemsID, ingredientID) VALUES ('II015', 'I015', 'ING018');
INSERT INTO ItemIngredients (itemIngredientID, itemsID, ingredientID) VALUES ('II016', 'I016', 'ING018');
INSERT INTO ItemIngredients (itemIngredientID, itemsID, ingredientID) VALUES ('II017', 'I017', 'ING004');
INSERT INTO ItemIngredients (itemIngredientID, itemsID, ingredientID) VALUES ('II018', 'I018', 'ING002');
INSERT INTO ItemIngredients (itemIngredientID, itemsID, ingredientID) VALUES ('II019', 'I019', 'ING003');
INSERT INTO ItemIngredients (itemIngredientID, itemsID, ingredientID) VALUES ('II020', 'I020', 'ING001');
INSERT INTO ItemIngredients (itemIngredientID, itemsID, ingredientID) VALUES ('II021', 'I021', 'ING021');
INSERT INTO ItemIngredients (itemIngredientID, itemsID, ingredientID) VALUES ('II022', 'I022', 'ING021');
INSERT INTO ItemIngredients (itemIngredientID, itemsID, ingredientID) VALUES ('II023', 'I023', 'ING021');
INSERT INTO ItemIngredients (itemIngredientID, itemsID, ingredientID) VALUES ('II024', 'I024', 'ING022');
INSERT INTO ItemIngredients (itemIngredientID, itemsID, ingredientID) VALUES ('II025', 'I025', 'ING023');
INSERT INTO ItemIngredients (itemIngredientID, itemsID, ingredientID) VALUES ('II026', 'I026', 'ING024');
INSERT INTO ItemIngredients (itemIngredientID, itemsID, ingredientID) VALUES ('II027', 'I027', 'ING005');
INSERT INTO ItemIngredients (itemIngredientID, itemsID, ingredientID) VALUES ('II028', 'I028', 'ING006');
INSERT INTO ItemIngredients (itemIngredientID, itemsID, ingredientID) VALUES ('II029', 'I029', 'ING001');
INSERT INTO ItemIngredients (itemIngredientID, itemsID, ingredientID) VALUES ('II030', 'I030', 'ING007');
INSERT INTO ItemIngredients (itemIngredientID, itemsID, ingredientID) VALUES ('II031', 'I031', 'ING001');
INSERT INTO ItemIngredients (itemIngredientID, itemsID, ingredientID) VALUES ('II032', 'I032', 'ING017');
INSERT INTO ItemIngredients (itemIngredientID, itemsID, ingredientID) VALUES ('II033', 'I033', 'ING017');
INSERT INTO ItemIngredients (itemIngredientID, itemsID, ingredientID) VALUES ('II034', 'I034', 'ING017');
INSERT INTO ItemIngredients (itemIngredientID, itemsID, ingredientID) VALUES ('II035', 'I035', 'ING013');
INSERT INTO ItemIngredients (itemIngredientID, itemsID, ingredientID) VALUES ('II036', 'I036', 'ING013');
INSERT INTO ItemIngredients (itemIngredientID, itemsID, ingredientID) VALUES ('II037', 'I037', 'ING013');
INSERT INTO ItemIngredients (itemIngredientID, itemsID, ingredientID) VALUES ('II038', 'I038', 'ING019');
INSERT INTO ItemIngredients (itemIngredientID, itemsID, ingredientID) VALUES ('II039', 'I039', 'ING019');
INSERT INTO ItemIngredients (itemIngredientID, itemsID, ingredientID) VALUES ('II040', 'I040', 'ING020');
INSERT INTO ItemIngredients (itemIngredientID, itemsID, ingredientID) VALUES ('II041', 'I041', 'ING020');
INSERT INTO ItemIngredients (itemIngredientID, itemsID, ingredientID) VALUES ('II042', 'I042', 'ING025');
INSERT INTO ItemIngredients (itemIngredientID, itemsID, ingredientID) VALUES ('II043', 'I043', 'ING015');
INSERT INTO ItemIngredients (itemIngredientID, itemsID, ingredientID) VALUES ('II044', 'I044', 'ING015');
INSERT INTO ItemIngredients (itemIngredientID, itemsID, ingredientID) VALUES ('II045', 'I045', 'ING015');
INSERT INTO ItemIngredients (itemIngredientID, itemsID, ingredientID) VALUES ('II046', 'I046', 'ING015');
INSERT INTO ItemIngredients (itemIngredientID, itemsID, ingredientID) VALUES ('II047', 'I047', 'ING015');
INSERT INTO ItemIngredients (itemIngredientID, itemsID, ingredientID) VALUES ('II048', 'I048', 'ING016');
INSERT INTO ItemIngredients (itemIngredientID, itemsID, ingredientID) VALUES ('II049', 'I049', 'ING016');
INSERT INTO ItemIngredients (itemIngredientID, itemsID, ingredientID) VALUES ('II050', 'I050', 'ING016');
INSERT INTO ItemIngredients (itemIngredientID, itemsID, ingredientID) VALUES ('II051', 'I051', 'ING026');
INSERT INTO ItemIngredients (itemIngredientID, itemsID, ingredientID) VALUES ('II052', 'I052', 'ING026');
INSERT INTO ItemIngredients (itemIngredientID, itemsID, ingredientID) VALUES ('II053', 'I053', 'ING027');

INSERT INTO SetMealItems (setMealItemID, setMealID, itemsID) VALUES ('SMI001', 'SM001', 'I001');
INSERT INTO SetMealItems (setMealItemID, setMealID, itemsID) VALUES ('SMI002', 'SM001', 'I025');
INSERT INTO SetMealItems (setMealItemID, setMealID, itemsID) VALUES ('SMI003', 'SM001', 'I051');
INSERT INTO SetMealItems (setMealItemID, setMealID, itemsID) VALUES ('SMI004', 'SM001', 'I052');
INSERT INTO SetMealItems (setMealItemID, setMealID, itemsID) VALUES ('SMI005', 'SM002', 'I002');
INSERT INTO SetMealItems (setMealItemID, setMealID, itemsID) VALUES ('SMI006', 'SM002', 'I026');
INSERT INTO SetMealItems (setMealItemID, setMealID, itemsID) VALUES ('SMI007', 'SM002', 'I053');
INSERT INTO SetMealItems (setMealItemID, setMealID, itemsID) VALUES ('SMI008', 'SM003', 'I003');
INSERT INTO SetMealItems (setMealItemID, setMealID, itemsID) VALUES ('SMI009', 'SM003', 'I027');
INSERT INTO SetMealItems (setMealItemID, setMealID, itemsID) VALUES ('SMI010', 'SM003', 'I048');
INSERT INTO SetMealItems (setMealItemID, setMealID, itemsID) VALUES ('SMI011', 'SM004', 'I021');
INSERT INTO SetMealItems (setMealItemID, setMealID, itemsID) VALUES ('SMI012', 'SM004', 'I033');
INSERT INTO SetMealItems (setMealItemID, setMealID, itemsID) VALUES ('SMI013', 'SM004', 'I052');
INSERT INTO SetMealItems (setMealItemID, setMealID, itemsID) VALUES ('SMI014', 'SM005', 'I024');
INSERT INTO SetMealItems (setMealItemID, setMealID, itemsID) VALUES ('SMI015', 'SM005', 'I030');
INSERT INTO SetMealItems (setMealItemID, setMealID, itemsID) VALUES ('SMI016', 'SM005', 'I040');
INSERT INTO SetMealItems (setMealItemID, setMealID, itemsID) VALUES ('SMI017', 'SM006', 'I001');
INSERT INTO SetMealItems (setMealItemID, setMealID, itemsID) VALUES ('SMI018', 'SM006', 'I007');
INSERT INTO SetMealItems (setMealItemID, setMealID, itemsID) VALUES ('SMI019', 'SM006', 'I052');
INSERT INTO SetMealItems (setMealItemID, setMealID, itemsID) VALUES ('SMI020', 'SM007', 'I036');
INSERT INTO SetMealItems (setMealItemID, setMealID, itemsID) VALUES ('SMI021', 'SM007', 'I041');
INSERT INTO SetMealItems (setMealItemID, setMealID, itemsID) VALUES ('SMI022', 'SM007', 'I045');
INSERT INTO SetMealItems (setMealItemID, setMealID, itemsID) VALUES ('SMI023', 'SM008', 'I028');
INSERT INTO SetMealItems (setMealItemID, setMealID, itemsID) VALUES ('SMI024', 'SM008', 'I034');
INSERT INTO SetMealItems (setMealItemID, setMealID, itemsID) VALUES ('SMI025', 'SM008', 'I043');
INSERT INTO SetMealItems (setMealItemID, setMealID, itemsID) VALUES ('SMI026', 'SM009', 'I030');
INSERT INTO SetMealItems (setMealItemID, setMealID, itemsID) VALUES ('SMI027', 'SM009', 'I046');
INSERT INTO SetMealItems (setMealItemID, setMealID, itemsID) VALUES ('SMI028', 'SM009', 'I048');
INSERT INTO SetMealItems (setMealItemID, setMealID, itemsID) VALUES ('SMI029', 'SM010', 'I032');
INSERT INTO SetMealItems (setMealItemID, setMealID, itemsID) VALUES ('SMI030', 'SM010', 'I033');
INSERT INTO SetMealItems (setMealItemID, setMealID, itemsID) VALUES ('SMI031', 'SM010', 'I052');
INSERT INTO SetMealItems (setMealItemID, setMealID, itemsID) VALUES ('SMI032', 'SM011', 'I043');
INSERT INTO SetMealItems (setMealItemID, setMealID, itemsID) VALUES ('SMI033', 'SM011', 'I024');
INSERT INTO SetMealItems (setMealItemID, setMealID, itemsID) VALUES ('SMI034', 'SM011', 'I029');
INSERT INTO SetMealItems (setMealItemID, setMealID, itemsID) VALUES ('SMI035', 'SM012', 'I043');
INSERT INTO SetMealItems (setMealItemID, setMealID, itemsID) VALUES ('SMI036', 'SM012', 'I027');
INSERT INTO SetMealItems (setMealItemID, setMealID, itemsID) VALUES ('SMI037', 'SM012', 'I051');
INSERT INTO SetMealItems (setMealItemID, setMealID, itemsID) VALUES ('SMI038', 'SM013', 'I052');
INSERT INTO SetMealItems (setMealItemID, setMealID, itemsID) VALUES ('SMI039', 'SM013', 'I052');
INSERT INTO SetMealItems (setMealItemID, setMealID, itemsID) VALUES ('SMI040', 'SM013', 'I053');
INSERT INTO SetMealItems (setMealItemID, setMealID, itemsID) VALUES ('SMI041', 'SM014', 'I051');
INSERT INTO SetMealItems (setMealItemID, setMealID, itemsID) VALUES ('SMI042', 'SM014', 'I032');
INSERT INTO SetMealItems (setMealItemID, setMealID, itemsID) VALUES ('SMI043', 'SM014', 'I047');
INSERT INTO SetMealItems (setMealItemID, setMealID, itemsID) VALUES ('SMI044', 'SM015', 'I003');
INSERT INTO SetMealItems (setMealItemID, setMealID, itemsID) VALUES ('SMI045', 'SM015', 'I008');
INSERT INTO SetMealItems (setMealItemID, setMealID, itemsID) VALUES ('SMI046', 'SM015', 'I019');
INSERT INTO SetMealItems (setMealItemID, setMealID, itemsID) VALUES ('SMI047', 'SM016', 'I001');
INSERT INTO SetMealItems (setMealItemID, setMealID, itemsID) VALUES ('SMI048', 'SM016', 'I006');
INSERT INTO SetMealItems (setMealItemID, setMealID, itemsID) VALUES ('SMI049', 'SM016', 'I051');
INSERT INTO SetMealItems (setMealItemID, setMealID, itemsID) VALUES ('SMI050', 'SM017', 'I004');
INSERT INTO SetMealItems (setMealItemID, setMealID, itemsID) VALUES ('SMI051', 'SM017', 'I005');
INSERT INTO SetMealItems (setMealItemID, setMealID, itemsID) VALUES ('SMI052', 'SM017', 'I018');
INSERT INTO SetMealItems (setMealItemID, setMealID, itemsID) VALUES ('SMI053', 'SM018', 'I012');
INSERT INTO SetMealItems (setMealItemID, setMealID, itemsID) VALUES ('SMI054', 'SM018', 'I013');
INSERT INTO SetMealItems (setMealItemID, setMealID, itemsID) VALUES ('SMI055', 'SM018', 'I053');
INSERT INTO SetMealItems (setMealItemID, setMealID, itemsID) VALUES ('SMI056', 'SM019', 'I010');
INSERT INTO SetMealItems (setMealItemID, setMealID, itemsID) VALUES ('SMI057', 'SM019', 'I027');
INSERT INTO SetMealItems (setMealItemID, setMealID, itemsID) VALUES ('SMI058', 'SM019', 'I051');
INSERT INTO SetMealItems (setMealItemID, setMealID, itemsID) VALUES ('SMI059', 'SM030', 'I005');
INSERT INTO SetMealItems (setMealItemID, setMealID, itemsID) VALUES ('SMI060', 'SM030', 'I022');
INSERT INTO SetMealItems (setMealItemID, setMealID, itemsID) VALUES ('SMI061', 'SM030', 'I052');

INSERT INTO Orders (orderID, orderDate, orderStatus, employeeID, customerID) VALUES ('O0001', TO_DATE('06/12/2023', 'MM/DD/YYYY'), 'DELIVERED', 'E014', 'C001');
INSERT INTO Orders (orderID, orderDate, orderStatus, employeeID, customerID) VALUES ('O0002', TO_DATE('06/12/2023', 'MM/DD/YYYY'), 'COMPLETED', 'E007', 'C021');
INSERT INTO Orders (orderID, orderDate, orderStatus, employeeID, customerID) VALUES ('O0003', TO_DATE('06/12/2023', 'MM/DD/YYYY'), 'DELIVERED', 'E015', 'C003');
INSERT INTO Orders (orderID, orderDate, orderStatus, employeeID, customerID) VALUES ('O0004', TO_DATE('06/12/2023', 'MM/DD/YYYY'), 'COMPLETED', 'E009', 'C004');
INSERT INTO Orders (orderID, orderDate, orderStatus, employeeID, customerID) VALUES ('O0005', TO_DATE('06/12/2023', 'MM/DD/YYYY'), 'COMPLETED', 'E007', 'C005');
INSERT INTO Orders (orderID, orderDate, orderStatus, employeeID, customerID) VALUES ('O0006', TO_DATE('06/12/2023', 'MM/DD/YYYY'), 'DELIVERED', 'E014', 'C006');
INSERT INTO Orders (orderID, orderDate, orderStatus, employeeID, customerID) VALUES ('O0007', TO_DATE('06/12/2023', 'MM/DD/YYYY'), 'COMPLETED', 'E009', 'C022');
INSERT INTO Orders (orderID, orderDate, orderStatus, employeeID, customerID) VALUES ('O0008', TO_DATE('06/12/2023', 'MM/DD/YYYY'), 'COMPLETED', 'E005', 'C007');
INSERT INTO Orders (orderID, orderDate, orderStatus, employeeID, customerID) VALUES ('O0009', TO_DATE('06/12/2023', 'MM/DD/YYYY'), 'DELIVERED', 'E015', 'C002');
INSERT INTO Orders (orderID, orderDate, orderStatus, employeeID, customerID) VALUES ('O0010', TO_DATE('06/12/2023', 'MM/DD/YYYY'), 'COMPLETED', 'E006', 'C010');
INSERT INTO Orders (orderID, orderDate, orderStatus, employeeID, customerID) VALUES ('O0011', TO_DATE('06/13/2023', 'MM/DD/YYYY'), 'DELIVERED', 'E014', 'C008');
INSERT INTO Orders (orderID, orderDate, orderStatus, employeeID, customerID) VALUES ('O0012', TO_DATE('06/13/2023', 'MM/DD/YYYY'), 'DELIVERED', 'E015', 'C026');
INSERT INTO Orders (orderID, orderDate, orderStatus, employeeID, customerID) VALUES ('O0013', TO_DATE('06/13/2023', 'MM/DD/YYYY'), 'COMPLETED', 'E006', 'C027');
INSERT INTO Orders (orderID, orderDate, orderStatus, employeeID, customerID) VALUES ('O0014', TO_DATE('06/13/2023', 'MM/DD/YYYY'), 'COMPLETED', 'E005', 'C009');
INSERT INTO Orders (orderID, orderDate, orderStatus, employeeID, customerID) VALUES ('O0015', TO_DATE('06/13/2023', 'MM/DD/YYYY'), 'COMPLETED', 'E005', 'C030');
INSERT INTO Orders (orderID, orderDate, orderStatus, employeeID, customerID) VALUES ('O0016', TO_DATE('06/13/2023', 'MM/DD/YYYY'), 'DELIVERED', 'E014', 'C028');
INSERT INTO Orders (orderID, orderDate, orderStatus, employeeID, customerID) VALUES ('O0017', TO_DATE('06/13/2023', 'MM/DD/YYYY'), 'COMPLETED', 'E005', 'C029');
INSERT INTO Orders (orderID, orderDate, orderStatus, employeeID, customerID) VALUES ('O0018', TO_DATE('06/13/2023', 'MM/DD/YYYY'), 'COMPLETED', 'E007', 'C024');
INSERT INTO Orders (orderID, orderDate, orderStatus, employeeID, customerID) VALUES ('O0019', TO_DATE('06/14/2023', 'MM/DD/YYYY'), 'DELIVERED', 'E015', 'C025');
INSERT INTO Orders (orderID, orderDate, orderStatus, employeeID, customerID) VALUES ('O0020', TO_DATE('06/14/2023', 'MM/DD/YYYY'), 'DELIVERED', 'E014', 'C023');
INSERT INTO Orders (orderID, orderDate, orderStatus, employeeID, customerID) VALUES ('O0021', TO_DATE('06/14/2023', 'MM/DD/YYYY'), 'COMPLETED', 'E009', 'C011');
INSERT INTO Orders (orderID, orderDate, orderStatus, employeeID, customerID) VALUES ('O0022', TO_DATE('06/14/2023', 'MM/DD/YYYY'), 'DELIVERED', 'E015', 'C012');
INSERT INTO Orders (orderID, orderDate, orderStatus, employeeID, customerID) VALUES ('O0023', TO_DATE('06/14/2023', 'MM/DD/YYYY'), 'COMPLETED', 'E010', 'C013');
INSERT INTO Orders (orderID, orderDate, orderStatus, employeeID, customerID) VALUES ('O0024', TO_DATE('06/14/2023', 'MM/DD/YYYY'), 'DELIVERED', 'E014', 'C014');
INSERT INTO Orders (orderID, orderDate, orderStatus, employeeID, customerID) VALUES ('O0025', TO_DATE('06/14/2023', 'MM/DD/YYYY'), 'COMPLETED', 'E007', 'C015');
INSERT INTO Orders (orderID, orderDate, orderStatus, employeeID, customerID) VALUES ('O0026', TO_DATE('06/14/2023', 'MM/DD/YYYY'), 'COMPLETED', 'E007', 'C016');
INSERT INTO Orders (orderID, orderDate, orderStatus, employeeID, customerID) VALUES ('O0027', TO_DATE('06/15/2023', 'MM/DD/YYYY'), 'COMPLETED', 'E008', 'C017');
INSERT INTO Orders (orderID, orderDate, orderStatus, employeeID, customerID) VALUES ('O0028', TO_DATE('06/15/2023', 'MM/DD/YYYY'), 'DELIVERED', 'E015', 'C018');
INSERT INTO Orders (orderID, orderDate, orderStatus, employeeID, customerID) VALUES ('O0029', TO_DATE('06/15/2023', 'MM/DD/YYYY'), 'COMPLETED', 'E007', 'C019');
INSERT INTO Orders (orderID, orderDate, orderStatus, employeeID, customerID) VALUES ('O0030', TO_DATE('06/15/2023', 'MM/DD/YYYY'), 'COMPLETED', 'E010', 'C020');
INSERT INTO Orders (orderID, orderDate, orderStatus, employeeID, customerID) VALUES ('O0031', TO_DATE('06/15/2023', 'MM/DD/YYYY'), 'COMPLETED', 'E007', 'C022');
INSERT INTO Orders (orderID, orderDate, orderStatus, employeeID, customerID) VALUES ('O0032', TO_DATE('06/15/2023', 'MM/DD/YYYY'), 'COMPLETED', 'E007', 'C023');
INSERT INTO Orders (orderID, orderDate, orderStatus, employeeID, customerID) VALUES ('O0033', TO_DATE('06/15/2023', 'MM/DD/YYYY'), 'COMPLETED', 'E008', 'C023');
INSERT INTO Orders (orderID, orderDate, orderStatus, employeeID, customerID) VALUES ('O0034', TO_DATE('06/16/2023', 'MM/DD/YYYY'), 'COMPLETED', 'E009', 'C024');
INSERT INTO Orders (orderID, orderDate, orderStatus, employeeID, customerID) VALUES ('O0035', TO_DATE('06/16/2023', 'MM/DD/YYYY'), 'DELIVERED', 'E014', 'C025');
INSERT INTO Orders (orderID, orderDate, orderStatus, employeeID, customerID) VALUES ('O0036', TO_DATE('06/16/2023', 'MM/DD/YYYY'), 'DELIVERED', 'E015', 'C026');
INSERT INTO Orders (orderID, orderDate, orderStatus, employeeID, customerID) VALUES ('O0037', TO_DATE('06/16/2023', 'MM/DD/YYYY'), 'COMPLETED', 'E009', 'C027');
INSERT INTO Orders (orderID, orderDate, orderStatus, employeeID, customerID) VALUES ('O0038', TO_DATE('06/16/2023', 'MM/DD/YYYY'), 'DELIVERED', 'E014', 'C028');
INSERT INTO Orders (orderID, orderDate, orderStatus, employeeID, customerID) VALUES ('O0039', TO_DATE('06/16/2023', 'MM/DD/YYYY'), 'COMPLETED', 'E005', 'C029');
INSERT INTO Orders (orderID, orderDate, orderStatus, employeeID, customerID) VALUES ('O0040', TO_DATE('06/16/2023', 'MM/DD/YYYY'), 'COMPLETED', 'E006', 'C030');
INSERT INTO Orders (orderID, orderDate, orderStatus, employeeID, customerID) VALUES ('O0041', TO_DATE('06/17/2023', 'MM/DD/YYYY'), 'DELIVERED', 'E015', 'C031');
INSERT INTO Orders (orderID, orderDate, orderStatus, employeeID, customerID) VALUES ('O0042', TO_DATE('06/17/2023', 'MM/DD/YYYY'), 'DELIVERED', 'E014', 'C032');
INSERT INTO Orders (orderID, orderDate, orderStatus, employeeID, customerID) VALUES ('O0043', TO_DATE('06/17/2023', 'MM/DD/YYYY'), 'COMPLETED', 'E006', 'C033');
INSERT INTO Orders (orderID, orderDate, orderStatus, employeeID, customerID) VALUES ('O0044', TO_DATE('06/17/2023', 'MM/DD/YYYY'), 'DELIVERED', 'E015', 'C034');
INSERT INTO Orders (orderID, orderDate, orderStatus, employeeID, customerID) VALUES ('O0045', TO_DATE('06/17/2023', 'MM/DD/YYYY'), 'COMPLETED', 'E005', 'C035');
INSERT INTO Orders (orderID, orderDate, orderStatus, employeeID, customerID) VALUES ('O0046', TO_DATE('06/17/2023', 'MM/DD/YYYY'), 'COMPLETED', 'E006', 'C036');
INSERT INTO Orders (orderID, orderDate, orderStatus, employeeID, customerID) VALUES ('O0047', TO_DATE('06/17/2023', 'MM/DD/YYYY'), 'COMPLETED', 'E005', 'C037');
INSERT INTO Orders (orderID, orderDate, orderStatus, employeeID, customerID) VALUES ('O0048', TO_DATE('06/17/2023', 'MM/DD/YYYY'), 'COMPLETED', 'E007', 'C038');
INSERT INTO Orders (orderID, orderDate, orderStatus, employeeID, customerID) VALUES ('O0049', TO_DATE('06/17/2023', 'MM/DD/YYYY'), 'COMPLETED', 'E007', 'C039');
INSERT INTO Orders (orderID, orderDate, orderStatus, employeeID, customerID) VALUES ('O0050', TO_DATE('06/17/2023', 'MM/DD/YYYY'), 'DELIVERED', 'E014', 'C040');
INSERT INTO Orders (orderID, orderDate, orderStatus, employeeID, customerID) VALUES ('O0051', TO_DATE('06/17/2023', 'MM/DD/YYYY'), 'DELIVERED', 'E015', 'C041');
INSERT INTO Orders (orderID, orderDate, orderStatus, employeeID, customerID) VALUES ('O0052', TO_DATE('06/18/2023', 'MM/DD/YYYY'), 'COMPLETED', 'E007', 'C042');
INSERT INTO Orders (orderID, orderDate, orderStatus, employeeID, customerID) VALUES ('O0053', TO_DATE('06/18/2023', 'MM/DD/YYYY'), 'DELIVERED', 'E014', 'C043');
INSERT INTO Orders (orderID, orderDate, orderStatus, employeeID, customerID) VALUES ('O0054', TO_DATE('06/18/2023', 'MM/DD/YYYY'), 'DELIVERED', 'E015', 'C044');
INSERT INTO Orders (orderID, orderDate, orderStatus, employeeID, customerID) VALUES ('O0055', TO_DATE('06/18/2023', 'MM/DD/YYYY'), 'COMPLETED', 'E007', 'C045');
INSERT INTO Orders (orderID, orderDate, orderStatus, employeeID, customerID) VALUES ('O0056', TO_DATE('06/18/2023', 'MM/DD/YYYY'), 'COMPLETED', 'E007', 'C046');
INSERT INTO Orders (orderID, orderDate, orderStatus, employeeID, customerID) VALUES ('O0057', TO_DATE('06/18/2023', 'MM/DD/YYYY'), 'COMPLETED', 'E008', 'C047');
INSERT INTO Orders (orderID, orderDate, orderStatus, employeeID, customerID) VALUES ('O0058', TO_DATE('06/18/2023', 'MM/DD/YYYY'), 'COMPLETED', 'E009', 'C048');
INSERT INTO Orders (orderID, orderDate, orderStatus, employeeID, customerID) VALUES ('O0059', TO_DATE('06/18/2023', 'MM/DD/YYYY'), 'DELIVERED', 'E014', 'C049');
INSERT INTO Orders (orderID, orderDate, orderStatus, employeeID, customerID) VALUES ('O0060', TO_DATE('06/18/2023', 'MM/DD/YYYY'), 'DELIVERED', 'E015', 'C050');
INSERT INTO Orders (orderID, orderDate, orderStatus, employeeID, customerID) VALUES ('O0061', TO_DATE('06/19/2023', 'MM/DD/YYYY'), 'DELIVERED', 'E014', 'C016');
INSERT INTO Orders (orderID, orderDate, orderStatus, employeeID, customerID) VALUES ('O0062', TO_DATE('06/19/2023', 'MM/DD/YYYY'), 'COMPLETED', 'E010', 'C045');
INSERT INTO Orders (orderID, orderDate, orderStatus, employeeID, customerID) VALUES ('O0063', TO_DATE('06/19/2023', 'MM/DD/YYYY'), 'COMPLETED', 'E005', 'C023');
INSERT INTO Orders (orderID, orderDate, orderStatus, employeeID, customerID) VALUES ('O0064', TO_DATE('06/19/2023', 'MM/DD/YYYY'), 'COMPLETED', 'E007', 'C021');
INSERT INTO Orders (orderID, orderDate, orderStatus, employeeID, customerID) VALUES ('O0065', TO_DATE('06/19/2023', 'MM/DD/YYYY'), 'DELIVERED', 'E015', 'C002');
INSERT INTO Orders (orderID, orderDate, orderStatus, employeeID, customerID) VALUES ('O0066', TO_DATE('06/19/2023', 'MM/DD/YYYY'), 'COMPLETED', 'E009', 'C006');
INSERT INTO Orders (orderID, orderDate, orderStatus, employeeID, customerID) VALUES ('O0067', TO_DATE('06/19/2023', 'MM/DD/YYYY'), 'DELIVERED', 'E014', 'C050');
INSERT INTO Orders (orderID, orderDate, orderStatus, employeeID, customerID) VALUES ('O0068', TO_DATE('06/20/2023', 'MM/DD/YYYY'), 'COMPLETED', 'E010', 'C024');
INSERT INTO Orders (orderID, orderDate, orderStatus, employeeID, customerID) VALUES ('O0069', TO_DATE('06/20/2023', 'MM/DD/YYYY'), 'COMPLETED', 'E005', 'C036');
INSERT INTO Orders (orderID, orderDate, orderStatus, employeeID, customerID) VALUES ('O0070', TO_DATE('06/20/2023', 'MM/DD/YYYY'), 'DELIVERED', 'E015', 'C048');
INSERT INTO Orders (orderID, orderDate, orderStatus, employeeID, customerID) VALUES ('O0071', TO_DATE('06/20/2023', 'MM/DD/YYYY'), 'COMPLETED', 'E006', 'C022');
INSERT INTO Orders (orderID, orderDate, orderStatus, employeeID, customerID) VALUES ('O0072', TO_DATE('06/20/2023', 'MM/DD/YYYY'), 'DELIVERED', 'E014', 'C008');
INSERT INTO Orders (orderID, orderDate, orderStatus, employeeID, customerID) VALUES ('O0073', TO_DATE('06/20/2023', 'MM/DD/YYYY'), 'COMPLETED', 'E008', 'C009');
INSERT INTO Orders (orderID, orderDate, orderStatus, employeeID, customerID) VALUES ('O0074', TO_DATE('06/21/2023', 'MM/DD/YYYY'), 'COMPLETED', 'E010', 'C012');
INSERT INTO Orders (orderID, orderDate, orderStatus, employeeID, customerID) VALUES ('O0075', TO_DATE('06/21/2023', 'MM/DD/YYYY'), 'DELIVERED', 'E015', 'C019');
INSERT INTO Orders (orderID, orderDate, orderStatus, employeeID, customerID) VALUES ('O0076', TO_DATE('06/21/2023', 'MM/DD/YYYY'), 'COMPLETED', 'E008', 'C029');
INSERT INTO Orders (orderID, orderDate, orderStatus, employeeID, customerID) VALUES ('O0077', TO_DATE('06/21/2023', 'MM/DD/YYYY'), 'COMPLETED', 'E009', 'C021');
INSERT INTO Orders (orderID, orderDate, orderStatus, employeeID, customerID) VALUES ('O0078', TO_DATE('06/21/2023', 'MM/DD/YYYY'), 'COMPLETED', 'E006', 'C022');
INSERT INTO Orders (orderID, orderDate, orderStatus, employeeID, customerID) VALUES ('O0079', TO_DATE('06/21/2023', 'MM/DD/YYYY'), 'COMPLETED', 'E010', 'C016');
INSERT INTO Orders (orderID, orderDate, orderStatus, employeeID, customerID) VALUES ('O0080', TO_DATE('06/21/2023', 'MM/DD/YYYY'), 'COMPLETED', 'E007', 'C004');
INSERT INTO Orders (orderID, orderDate, orderStatus, employeeID, customerID) VALUES ('O0081', TO_DATE('06/22/2023', 'MM/DD/YYYY'), 'COMPLETED', 'E010', 'C031');
INSERT INTO Orders (orderID, orderDate, orderStatus, employeeID, customerID) VALUES ('O0082', TO_DATE('06/22/2023', 'MM/DD/YYYY'), 'DELIVERED', 'E014', 'C029');
INSERT INTO Orders (orderID, orderDate, orderStatus, employeeID, customerID) VALUES ('O0083', TO_DATE('06/22/2023', 'MM/DD/YYYY'), 'DELIVERED', 'E015', 'C049');
INSERT INTO Orders (orderID, orderDate, orderStatus, employeeID, customerID) VALUES ('O0084', TO_DATE('06/22/2023', 'MM/DD/YYYY'), 'COMPLETED', 'E009', 'C046');
INSERT INTO Orders (orderID, orderDate, orderStatus, employeeID, customerID) VALUES ('O0085', TO_DATE('06/22/2023', 'MM/DD/YYYY'), 'DELIVERED', 'E014', 'C019');
INSERT INTO Orders (orderID, orderDate, orderStatus, employeeID, customerID) VALUES ('O0086', TO_DATE('06/22/2023', 'MM/DD/YYYY'), 'COMPLETED', 'E010', 'C033');
INSERT INTO Orders (orderID, orderDate, orderStatus, employeeID, customerID) VALUES ('O0087', TO_DATE('06/22/2023', 'MM/DD/YYYY'), 'DELIVERED', 'E015', 'C017');
INSERT INTO Orders (orderID, orderDate, orderStatus, employeeID, customerID) VALUES ('O0088', TO_DATE('06/23/2023', 'MM/DD/YYYY'), 'DELIVERED', 'E014', 'C008');
INSERT INTO Orders (orderID, orderDate, orderStatus, employeeID, customerID) VALUES ('O0089', TO_DATE('06/23/2023', 'MM/DD/YYYY'), 'DELIVERED', 'E015', 'C012');
INSERT INTO Orders (orderID, orderDate, orderStatus, employeeID, customerID) VALUES ('O0090', TO_DATE('06/23/2023', 'MM/DD/YYYY'), 'COMPLETED', 'E008', 'C001');
INSERT INTO Orders (orderID, orderDate, orderStatus, employeeID, customerID) VALUES ('O0091', TO_DATE('06/23/2023', 'MM/DD/YYYY'), 'DELIVERED', 'E014', 'C015');
INSERT INTO Orders (orderID, orderDate, orderStatus, employeeID, customerID) VALUES ('O0092', TO_DATE('06/23/2023', 'MM/DD/YYYY'), 'COMPLETED', 'E006', 'C032');
INSERT INTO Orders (orderID, orderDate, orderStatus, employeeID, customerID) VALUES ('O0093', TO_DATE('06/23/2023', 'MM/DD/YYYY'), 'COMPLETED', 'E010', 'C027');
INSERT INTO Orders (orderID, orderDate, orderStatus, employeeID, customerID) VALUES ('O0094', TO_DATE('06/23/2023', 'MM/DD/YYYY'), 'DELIVERED', 'E015', 'C014');
INSERT INTO Orders (orderID, orderDate, orderStatus, employeeID, customerID) VALUES ('O0095', TO_DATE('06/24/2023', 'MM/DD/YYYY'), 'DELIVERED', 'E014', 'C002');
INSERT INTO Orders (orderID, orderDate, orderStatus, employeeID, customerID) VALUES ('O0096', TO_DATE('06/24/2023', 'MM/DD/YYYY'), 'DELIVERED', 'E015', 'C046');
INSERT INTO Orders (orderID, orderDate, orderStatus, employeeID, customerID) VALUES ('O0097', TO_DATE('06/24/2023', 'MM/DD/YYYY'), 'COMPLETED', 'E008', 'C012');
INSERT INTO Orders (orderID, orderDate, orderStatus, employeeID, customerID) VALUES ('O0098', TO_DATE('06/24/2023', 'MM/DD/YYYY'), 'DELIVERED', 'E014', 'C039');
INSERT INTO Orders (orderID, orderDate, orderStatus, employeeID, customerID) VALUES ('O0099', TO_DATE('06/24/2023', 'MM/DD/YYYY'), 'COMPLETED', 'E006', 'C031');
INSERT INTO Orders (orderID, orderDate, orderStatus, employeeID, customerID) VALUES ('O0100', TO_DATE('06/24/2023', 'MM/DD/YYYY'), 'COMPLETED', 'E010', 'C024');
INSERT INTO Orders (orderID, orderDate, orderStatus, employeeID, customerID) VALUES ('O0101', TO_DATE('06/25/2023', 'MM/DD/YYYY'), 'DELIVERED', 'E015', 'C041');
INSERT INTO Orders (orderID, orderDate, orderStatus, employeeID, customerID) VALUES ('O0102', TO_DATE('06/25/2023', 'MM/DD/YYYY'), 'DELIVERED', 'E014', 'C007');
INSERT INTO Orders (orderID, orderDate, orderStatus, employeeID, customerID) VALUES ('O0103', TO_DATE('06/25/2023', 'MM/DD/YYYY'), 'COMPLETED', 'E008', 'C012');
INSERT INTO Orders (orderID, orderDate, orderStatus, employeeID, customerID) VALUES ('O0104', TO_DATE('06/25/2023', 'MM/DD/YYYY'), 'DELIVERED', 'E015', 'C039');
INSERT INTO Orders (orderID, orderDate, orderStatus, employeeID, customerID) VALUES ('O0105', TO_DATE('06/25/2023', 'MM/DD/YYYY'), 'COMPLETED', 'E006', 'C048');
INSERT INTO Orders (orderID, orderDate, orderStatus, employeeID, customerID) VALUES ('O0106', TO_DATE('06/25/2023', 'MM/DD/YYYY'), 'COMPLETED', 'E010', 'C012');
INSERT INTO Orders (orderID, orderDate, orderStatus, employeeID, customerID) VALUES ('O0107', TO_DATE('06/26/2023', 'MM/DD/YYYY'), 'DELIVERED', 'E014', 'C013');
INSERT INTO Orders (orderID, orderDate, orderStatus, employeeID, customerID) VALUES ('O0108', TO_DATE('06/26/2023', 'MM/DD/YYYY'), 'DELIVERED', 'E015', 'C046');
INSERT INTO Orders (orderID, orderDate, orderStatus, employeeID, customerID) VALUES ('O0109', TO_DATE('06/26/2023', 'MM/DD/YYYY'), 'COMPLETED', 'E008', 'C043');
INSERT INTO Orders (orderID, orderDate, orderStatus, employeeID, customerID) VALUES ('O0110', TO_DATE('06/26/2023', 'MM/DD/YYYY'), 'DELIVERED', 'E014', 'C032');
INSERT INTO Orders (orderID, orderDate, orderStatus, employeeID, customerID) VALUES ('O0111', TO_DATE('06/26/2023', 'MM/DD/YYYY'), 'COMPLETED', 'E006', 'C024');
INSERT INTO Orders (orderID, orderDate, orderStatus, employeeID, customerID) VALUES ('O0112', TO_DATE('06/26/2023', 'MM/DD/YYYY'), 'COMPLETED', 'E010', 'C016');
INSERT INTO Orders (orderID, orderDate, orderStatus, employeeID, customerID) VALUES ('O0113', TO_DATE('06/27/2023', 'MM/DD/YYYY'), 'DELIVERED', 'E015', 'C008');
INSERT INTO Orders (orderID, orderDate, orderStatus, employeeID, customerID) VALUES ('O0114', TO_DATE('06/27/2023', 'MM/DD/YYYY'), 'DELIVERED', 'E014', 'C004');
INSERT INTO Orders (orderID, orderDate, orderStatus, employeeID, customerID) VALUES ('O0115', TO_DATE('06/27/2023', 'MM/DD/YYYY'), 'COMPLETED', 'E008', 'C029');
INSERT INTO Orders (orderID, orderDate, orderStatus, employeeID, customerID) VALUES ('O0116', TO_DATE('06/27/2023', 'MM/DD/YYYY'), 'DELIVERED', 'E015', 'C021');
INSERT INTO Orders (orderID, orderDate, orderStatus, employeeID, customerID) VALUES ('O0117', TO_DATE('06/27/2023', 'MM/DD/YYYY'), 'COMPLETED', 'E006', 'C022');
INSERT INTO Orders (orderID, orderDate, orderStatus, employeeID, customerID) VALUES ('O0118', TO_DATE('06/27/2023', 'MM/DD/YYYY'), 'COMPLETED', 'E010', 'C031');
INSERT INTO Orders (orderID, orderDate, orderStatus, employeeID, customerID) VALUES ('O0119', TO_DATE('06/27/2023', 'MM/DD/YYYY'), 'COMPLETED', 'E010', 'C002');
INSERT INTO Orders (orderID, orderDate, orderStatus, employeeID, customerID) VALUES ('O0120', TO_DATE('06/27/2023', 'MM/DD/YYYY'), 'COMPLETED', 'E010', 'C005');

INSERT INTO Tables (tableID, tableNumber, tableCapacity, tableType, tableReservationStatus) VALUES ('T01', 1, 4, 'Small', 'BOOKED');
INSERT INTO Tables (tableID, tableNumber, tableCapacity, tableType, tableReservationStatus) VALUES ('T02', 2, 4, 'Small', 'BOOKED');
INSERT INTO Tables (tableID, tableNumber, tableCapacity, tableType, tableReservationStatus) VALUES ('T03', 3, 4, 'Small', 'EMPTY');
INSERT INTO Tables (tableID, tableNumber, tableCapacity, tableType, tableReservationStatus) VALUES ('T04', 4, 4, 'Small', 'EMPTY');
INSERT INTO Tables (tableID, tableNumber, tableCapacity, tableType, tableReservationStatus) VALUES ('T05', 5, 6, 'Medium', 'BOOKED');
INSERT INTO Tables (tableID, tableNumber, tableCapacity, tableType, tableReservationStatus) VALUES ('T06', 6, 6, 'Medium', 'BOOKED');
INSERT INTO Tables (tableID, tableNumber, tableCapacity, tableType, tableReservationStatus) VALUES ('T07', 7, 6, 'Medium', 'EMPTY');
INSERT INTO Tables (tableID, tableNumber, tableCapacity, tableType, tableReservationStatus) VALUES ('T08', 8, 6, 'Medium', 'EMPTY');
INSERT INTO Tables (tableID, tableNumber, tableCapacity, tableType, tableReservationStatus) VALUES ('T09', 9, 2, 'Twin', 'BOOKED');
INSERT INTO Tables (tableID, tableNumber, tableCapacity, tableType, tableReservationStatus) VALUES ('T10', 10, 2, 'Twin', 'BOOKED');
INSERT INTO Tables (tableID, tableNumber, tableCapacity, tableType, tableReservationStatus) VALUES ('T11', 11, 2, 'Twin', 'BOOKED');
INSERT INTO Tables (tableID, tableNumber, tableCapacity, tableType, tableReservationStatus) VALUES ('T12', 12, 2, 'Twin', 'EMPTY');
INSERT INTO Tables (tableID, tableNumber, tableCapacity, tableType, tableReservationStatus) VALUES ('T13', 13, 8, 'Big', 'BOOKED');
INSERT INTO Tables (tableID, tableNumber, tableCapacity, tableType, tableReservationStatus) VALUES ('T14', 14, 8, 'Big', 'BOOKED');
INSERT INTO Tables (tableID, tableNumber, tableCapacity, tableType, tableReservationStatus) VALUES ('T15', 15, 8, 'Big', 'BOOKED');
INSERT INTO Tables (tableID, tableNumber, tableCapacity, tableType, tableReservationStatus) VALUES ('T16', 16, 8, 'Big', 'EMPTY');

INSERT INTO Deliveries (deliveryID, deliveryDate, deliveryAddress, deliveryStatus, customerID, employeeID, orderID) values ('D0001', TO_DATE('06/12/2023', 'MM/DD/YYYY'), '8009 Barnett Way', 'DELIVERED', 'C001', 'E014','O0001');
INSERT INTO Deliveries (deliveryID, deliveryDate, deliveryAddress, deliveryStatus, customerID, employeeID, orderID) values ('D0002', TO_DATE('06/12/2023', 'MM/DD/YYYY'), '8 crest Line crossing', 'DELIVERED', 'C003', 'E015','O0003');
INSERT INTO Deliveries (deliveryID, deliveryDate, deliveryAddress, deliveryStatus, customerID, employeeID, orderID) values ('D0003', TO_DATE('06/12/2023', 'MM/DD/YYYY'), '2 Maywood Junction', 'DELIVERED', 'C006', 'E014','O0006');
INSERT INTO Deliveries (deliveryID, deliveryDate, deliveryAddress, deliveryStatus, customerID, employeeID, orderID) values ('D0004', TO_DATE('06/12/2023', 'MM/DD/YYYY'), '67752 Southridge Plaza', 'DELIVERED', 'C002', 'E015','O0009');
INSERT INTO Deliveries (deliveryID, deliveryDate, deliveryAddress, deliveryStatus, customerID, employeeID, orderID) values ('D0005', TO_DATE('06/13/2023', 'MM/DD/YYYY'), '5 Kipling Lane', 'DELIVERED', 'C008', 'E014','O0011');
INSERT INTO Deliveries (deliveryID, deliveryDate, deliveryAddress, deliveryStatus, customerID, employeeID, orderID) values ('D0006', TO_DATE('06/13/2023', 'MM/DD/YYYY'), '49573 Sycamore Pass', 'DELIVERED', 'C026', 'E015','O0012');
INSERT INTO Deliveries (deliveryID, deliveryDate, deliveryAddress, deliveryStatus, customerID, employeeID, orderID) values ('D0007', TO_DATE('06/13/2023', 'MM/DD/YYYY'), '4 Leroy Park', 'DELIVERED', 'C028', 'E014','O0016');
INSERT INTO Deliveries (deliveryID, deliveryDate, deliveryAddress, deliveryStatus, customerID, employeeID, orderID) values ('D0008', TO_DATE('06/14/2023', 'MM/DD/YYYY'), '46021 Service Point', 'DELIVERED', 'C025', 'E015','O0019');
INSERT INTO Deliveries (deliveryID, deliveryDate, deliveryAddress, deliveryStatus, customerID, employeeID, orderID) values ('D0009', TO_DATE('06/14/2023', 'MM/DD/YYYY'), '1424 Darwin court', 'DELIVERED', 'C023', 'E014','O0020');
INSERT INTO Deliveries (deliveryID, deliveryDate, deliveryAddress, deliveryStatus, customerID, employeeID, orderID) values ('D0010', TO_DATE('06/14/2023', 'MM/DD/YYYY'), '47911 Talisman Trail', 'DELIVERED', 'C012', 'E015','O0022');
INSERT INTO Deliveries (deliveryID, deliveryDate, deliveryAddress, deliveryStatus, customerID, employeeID, orderID) values ('D0011', TO_DATE('06/14/2023', 'MM/DD/YYYY'), '9990 Buell Junction', 'DELIVERED', 'C014', 'E014','O0024');
INSERT INTO Deliveries (deliveryID, deliveryDate, deliveryAddress, deliveryStatus, customerID, employeeID, orderID) values ('D0012', TO_DATE('06/15/2023', 'MM/DD/YYYY'), '50 Victoria Parkway', 'DELIVERED', 'C018', 'E015','O0028');
INSERT INTO Deliveries (deliveryID, deliveryDate, deliveryAddress, deliveryStatus, customerID, employeeID, orderID) values ('D0013', TO_DATE('06/16/2023', 'MM/DD/YYYY'), '46021 Service Point', 'DELIVERED', 'C025', 'E014','O0035');
INSERT INTO Deliveries (deliveryID, deliveryDate, deliveryAddress, deliveryStatus, customerID, employeeID, orderID) values ('D0014', TO_DATE('06/16/2023', 'MM/DD/YYYY'), '49573 Sycamore Pass', 'DELIVERED', 'C026', 'E015','O0036');
INSERT INTO Deliveries (deliveryID, deliveryDate, deliveryAddress, deliveryStatus, customerID, employeeID, orderID) values ('D0015', TO_DATE('06/16/2023', 'MM/DD/YYYY'), '4 Leroy Park', 'DELIVERED', 'C028', 'E014','O0038');
INSERT INTO Deliveries (deliveryID, deliveryDate, deliveryAddress, deliveryStatus, customerID, employeeID, orderID) values ('D0016', TO_DATE('06/17/2023', 'MM/DD/YYYY'), '9142 Manitowish Lane', 'DELIVERED', 'C031', 'E015','O0041');
INSERT INTO Deliveries (deliveryID, deliveryDate, deliveryAddress, deliveryStatus, customerID, employeeID, orderID) values ('D0017', TO_DATE('06/17/2023', 'MM/DD/YYYY'), '1 Forster Street', 'DELIVERED', 'C032', 'E014','O0042');
INSERT INTO Deliveries (deliveryID, deliveryDate, deliveryAddress, deliveryStatus, customerID, employeeID, orderID) values ('D0018', TO_DATE('06/17/2023', 'MM/DD/YYYY'), '95 Briar crest Street', 'DELIVERED', 'C034', 'E015','O0044');
INSERT INTO Deliveries (deliveryID, deliveryDate, deliveryAddress, deliveryStatus, customerID, employeeID, orderID) values ('D0019', TO_DATE('06/17/2023', 'MM/DD/YYYY'), '68 Karstens crossing', 'DELIVERED', 'C040', 'E014','O0050');
INSERT INTO Deliveries (deliveryID, deliveryDate, deliveryAddress, deliveryStatus, customerID, employeeID, orderID) values ('D0020', TO_DATE('06/17/2023', 'MM/DD/YYYY'), '22029 Longview Lane', 'DELIVERED', 'C041', 'E015','O0051');
INSERT INTO Deliveries (deliveryID, deliveryDate, deliveryAddress, deliveryStatus, customerID, employeeID, orderID) values ('D0021', TO_DATE('06/18/2023', 'MM/DD/YYYY'), '18 Northview Plaza', 'DELIVERED', 'C043', 'E014','O0053');
INSERT INTO Deliveries (deliveryID, deliveryDate, deliveryAddress, deliveryStatus, customerID, employeeID, orderID) values ('D0022', TO_DATE('06/18/2023', 'MM/DD/YYYY'), '68 Bobwhite Road', 'DELIVERED', 'C044', 'E015','O0054');
INSERT INTO Deliveries (deliveryID, deliveryDate, deliveryAddress, deliveryStatus, customerID, employeeID, orderID) values ('D0023', TO_DATE('06/18/2023', 'MM/DD/YYYY'), '7 Anzinger Park', 'DELIVERED', 'C049', 'E014','O0059');
INSERT INTO Deliveries (deliveryID, deliveryDate, deliveryAddress, deliveryStatus, customerID, employeeID, orderID) values ('D0024', TO_DATE('06/18/2023', 'MM/DD/YYYY'), '3 Bay Parkway', 'DELIVERED', 'C050', 'E015','O0060');
INSERT INTO Deliveries (deliveryID, deliveryDate, deliveryAddress, deliveryStatus, customerID, employeeID, orderID) values ('D0025', TO_DATE('06/19/2023', 'MM/DD/YYYY'), '7782 Elmside Parkway', 'DELIVERED', 'C016', 'E014','O0061');
INSERT INTO Deliveries (deliveryID, deliveryDate, deliveryAddress, deliveryStatus, customerID, employeeID, orderID) values ('D0026', TO_DATE('06/19/2023', 'MM/DD/YYYY'), '67752 Southridge Plaza', 'DELIVERED', 'C002', 'E015','O0065');
INSERT INTO Deliveries (deliveryID, deliveryDate, deliveryAddress, deliveryStatus, customerID, employeeID, orderID) values ('D0027', TO_DATE('06/19/2023', 'MM/DD/YYYY'), '3 Bay Parkway', 'DELIVERED', 'C050', 'E014','O0067');
INSERT INTO Deliveries (deliveryID, deliveryDate, deliveryAddress, deliveryStatus, customerID, employeeID, orderID) values ('D0028', TO_DATE('06/20/2023', 'MM/DD/YYYY'), '63 Reindahl Way', 'DELIVERED', 'C048', 'E015','O0070');
INSERT INTO Deliveries (deliveryID, deliveryDate, deliveryAddress, deliveryStatus, customerID, employeeID, orderID) values ('D0029', TO_DATE('06/20/2023', 'MM/DD/YYYY'), '5 Kipling Lane', 'DELIVERED', 'C008', 'E014','O0072');
INSERT INTO Deliveries (deliveryID, deliveryDate, deliveryAddress, deliveryStatus, customerID, employeeID, orderID) values ('D0030', TO_DATE('06/21/2023', 'MM/DD/YYYY'), '104 Fairfield Way', 'DELIVERED', 'C019', 'E015','O0075');
INSERT INTO Deliveries (deliveryID, deliveryDate, deliveryAddress, deliveryStatus, customerID, employeeID, orderID) values ('D0031', TO_DATE('06/22/2023', 'MM/DD/YYYY'), '0 Esker Avenue', 'DELIVERED', 'C029', 'E014','O0082');
INSERT INTO Deliveries (deliveryID, deliveryDate, deliveryAddress, deliveryStatus, customerID, employeeID, orderID) values ('D0032', TO_DATE('06/22/2023', 'MM/DD/YYYY'), '7 Anzinger Park', 'DELIVERED', 'C049', 'E015','O0083');
INSERT INTO Deliveries (deliveryID, deliveryDate, deliveryAddress, deliveryStatus, customerID, employeeID, orderID) values ('D0033', TO_DATE('06/22/2023', 'MM/DD/YYYY'), '104 Fairfield Way', 'DELIVERED', 'C019', 'E014','O0085');
INSERT INTO Deliveries (deliveryID, deliveryDate, deliveryAddress, deliveryStatus, customerID, employeeID, orderID) values ('D0034', TO_DATE('06/22/2023', 'MM/DD/YYYY'), '8 Jackson Drive', 'DELIVERED', 'C017', 'E015','O0087');
INSERT INTO Deliveries (deliveryID, deliveryDate, deliveryAddress, deliveryStatus, customerID, employeeID, orderID) values ('D0035', TO_DATE('06/23/2023', 'MM/DD/YYYY'), '5 Kipling Lane', 'DELIVERED', 'C008', 'E014','O0088');
INSERT INTO Deliveries (deliveryID, deliveryDate, deliveryAddress, deliveryStatus, customerID, employeeID, orderID) values ('D0036', TO_DATE('06/23/2023', 'MM/DD/YYYY'), '47911 Talisman Trail', 'DELIVERED', 'C012', 'E015','O0089');
INSERT INTO Deliveries (deliveryID, deliveryDate, deliveryAddress, deliveryStatus, customerID, employeeID, orderID) values ('D0037', TO_DATE('06/23/2023', 'MM/DD/YYYY'), '803 Summer Ridge Junctiont', 'DELIVERED', 'C015', 'E014','O0091');
INSERT INTO Deliveries (deliveryID, deliveryDate, deliveryAddress, deliveryStatus, customerID, employeeID, orderID) values ('D0038', TO_DATE('06/23/2023', 'MM/DD/YYYY'), '9990 Buell Junction', 'DELIVERED', 'C014', 'E015','O0094');
INSERT INTO Deliveries (deliveryID, deliveryDate, deliveryAddress, deliveryStatus, customerID, employeeID, orderID) values ('D0039', TO_DATE('06/24/2023', 'MM/DD/YYYY'), '67752 Southridge Plaza', 'DELIVERED', 'C002', 'E014','O0095');
INSERT INTO Deliveries (deliveryID, deliveryDate, deliveryAddress, deliveryStatus, customerID, employeeID, orderID) values ('D0040', TO_DATE('06/24/2023', 'MM/DD/YYYY'), '2144 Superior court', 'DELIVERED', 'C046', 'E015','O0096');
INSERT INTO Deliveries (deliveryID, deliveryDate, deliveryAddress, deliveryStatus, customerID, employeeID, orderID) values ('D0041', TO_DATE('06/24/2023', 'MM/DD/YYYY'), '7 Express Drive', 'DELIVERED', 'C039', 'E014','O0098');
INSERT INTO Deliveries (deliveryID, deliveryDate, deliveryAddress, deliveryStatus, customerID, employeeID, orderID) values ('D0042', TO_DATE('06/25/2023', 'MM/DD/YYYY'), '22029 Longview Lane', 'DELIVERED', 'C041', 'E015','O0101');
INSERT INTO Deliveries (deliveryID, deliveryDate, deliveryAddress, deliveryStatus, customerID, employeeID, orderID) values ('D0043', TO_DATE('06/25/2023', 'MM/DD/YYYY'), '246 Kinsman Terrace', 'DELIVERED', 'C007', 'E014','O0102');
INSERT INTO Deliveries (deliveryID, deliveryDate, deliveryAddress, deliveryStatus, customerID, employeeID, orderID) values ('D0044', TO_DATE('06/25/2023', 'MM/DD/YYYY'), '7 Express Drive', 'DELIVERED', 'C039', 'E015','O0104');
INSERT INTO Deliveries (deliveryID, deliveryDate, deliveryAddress, deliveryStatus, customerID, employeeID, orderID) values ('D0045', TO_DATE('06/26/2023', 'MM/DD/YYYY'), '2080 Emmet Terrace', 'DELIVERED', 'C013', 'E014','O0107');
INSERT INTO Deliveries (deliveryID, deliveryDate, deliveryAddress, deliveryStatus, customerID, employeeID, orderID) values ('D0046', TO_DATE('06/26/2023', 'MM/DD/YYYY'), '2144 Superior court', 'DELIVERED', 'C046', 'E015','O0108');
INSERT INTO Deliveries (deliveryID, deliveryDate, deliveryAddress, deliveryStatus, customerID, employeeID, orderID) values ('D0047', TO_DATE('06/26/2023', 'MM/DD/YYYY'), '1 Forster Street', 'DELIVERED', 'C032', 'E014','O0110');
INSERT INTO Deliveries (deliveryID, deliveryDate, deliveryAddress, deliveryStatus, customerID, employeeID, orderID) values ('D0048', TO_DATE('06/27/2023', 'MM/DD/YYYY'), '5 Kipling Lane', 'DELIVERED', 'C008', 'E015','O0113');
INSERT INTO Deliveries (deliveryID, deliveryDate, deliveryAddress, deliveryStatus, customerID, employeeID, orderID) values ('D0049', TO_DATE('06/27/2023', 'MM/DD/YYYY'), '20237 Upham Road', 'DELIVERED', 'C004', 'E014','O0114');
INSERT INTO Deliveries (deliveryID, deliveryDate, deliveryAddress, deliveryStatus, customerID, employeeID, orderID) values ('D0050', TO_DATE('06/27/2023', 'MM/DD/YYYY'), '90025 Swallow court', 'DELIVERED', 'C021', 'E015','O0116');

INSERT INTO Feedbacks (feedbackID, feedbackRating, feedbackComment, feedbackDate, orderID, customerID) VALUES ('F001', 5, 'The Premium Chicken Chop was absolutely divine!', TO_DATE('06/12/2023', 'MM/DD/YYYY'), 'O0007', 'C001');
INSERT INTO Feedbacks (feedbackID, feedbackRating, feedbackComment, feedbackDate, orderID, customerID) VALUES ('F002', 5, 'The Grilled Chicken Chop was tender and flavorful', TO_DATE('06/12/2023', 'MM/DD/YYYY'), 'O0007', 'C021');
INSERT INTO Feedbacks (feedbackID, feedbackRating, feedbackComment, feedbackDate, orderID, customerID) VALUES ('F003', 5, 'The Grilled Pork Chop was a delightful surprise', TO_DATE('06/12/2023', 'MM/DD/YYYY'), 'O0008', 'C003');
INSERT INTO Feedbacks (feedbackID, feedbackRating, feedbackComment, feedbackDate, orderID, customerID) VALUES ('F004', 4, 'I loved the crispy and succulent Golden Fish Filet', TO_DATE('06/12/2023', 'MM/DD/YYYY'), 'O0009', 'C004');
INSERT INTO Feedbacks (feedbackID, feedbackRating, feedbackComment, feedbackDate, orderID, customerID) VALUES ('F005', 5, 'Kerabu Chicken Chop had a fantastic blend of flavors', TO_DATE('06/12/2023', 'MM/DD/YYYY'), 'O0007', 'C005');
INSERT INTO Feedbacks (feedbackID, feedbackRating, feedbackComment, feedbackDate, orderID, customerID) VALUES ('F006', 5, 'Kerabu Fish Filet was a unique and tasty dish', TO_DATE('06/12/2023', 'MM/DD/YYYY'), 'O0010', 'C006');
INSERT INTO Feedbacks (feedbackID, feedbackRating, feedbackComment, feedbackDate, orderID, customerID) VALUES ('F007', 4, 'Chicken Bolognese was a comforting and hearty choice', TO_DATE('06/12/2023', 'MM/DD/YYYY'), 'O0009', 'C022');
INSERT INTO Feedbacks (feedbackID, feedbackRating, feedbackComment, feedbackDate, orderID, customerID) VALUES ('F008', 5, 'Seafood Aglio Olio had a perfect balance of spices', TO_DATE('06/12/2023', 'MM/DD/YYYY'), 'O0005', 'C007');
INSERT INTO Feedbacks (feedbackID, feedbackRating, feedbackComment, feedbackDate, orderID, customerID) VALUES ('F009', 4, 'Seafood Marinara was a seafood lover"s dream', TO_DATE('06/12/2023', 'MM/DD/YYYY'), 'O0005', 'C002');
INSERT INTO Feedbacks (feedbackID, feedbackRating, feedbackComment, feedbackDate, orderID, customerID) VALUES ('F010', 2, 'The Premium Chicken Chop was dry and tasteless.', TO_DATE('06/12/2023', 'MM/DD/YYYY'), 'O0006', 'C010');
INSERT INTO Feedbacks (feedbackID, feedbackRating, feedbackComment, feedbackDate, orderID, customerID) VALUES ('F011', 5, 'Golden Fish Burger was a mouthwatering treat', TO_DATE('06/13/2023', 'MM/DD/YYYY'), 'O0005', 'C008');
INSERT INTO Feedbacks (feedbackID, feedbackRating, feedbackComment, feedbackDate, orderID, customerID) VALUES ('F012', 2, 'The Grilled Chicken Chop was overcooked and tough.', TO_DATE('06/13/2023', 'MM/DD/YYYY'), 'O0005', 'C026');
INSERT INTO Feedbacks (feedbackID, feedbackRating, feedbackComment, feedbackDate, orderID, customerID) VALUES ('F013', 4, 'Wagyu Beef Burger was juicy and worth the hype', TO_DATE('06/13/2023', 'MM/DD/YYYY'), 'O0006', 'C027');
INSERT INTO Feedbacks (feedbackID, feedbackRating, feedbackComment, feedbackDate, orderID, customerID) VALUES ('F014', 2, 'Grilled Pork Chop was disappointing, lacked flavor.', TO_DATE('06/13/2023', 'MM/DD/YYYY'), 'O0005', 'C009');
INSERT INTO Feedbacks (feedbackID, feedbackRating, feedbackComment, feedbackDate, orderID, customerID) VALUES ('F015', 5, 'French Fries were perfectly crispy and seasoned', TO_DATE('06/13/2023', 'MM/DD/YYYY'), 'O0005', 'C030');
INSERT INTO Feedbacks (feedbackID, feedbackRating, feedbackComment, feedbackDate, orderID, customerID) VALUES ('F016', 5, 'Mushroom Soup was creamy and satisfying', TO_DATE('06/13/2023', 'MM/DD/YYYY'), 'O0006', 'C028');
INSERT INTO Feedbacks (feedbackID, feedbackRating, feedbackComment, feedbackDate, orderID, customerID) VALUES ('F017', 4, 'Signature Cheese Pizza had the right cheesy goodness', TO_DATE('06/13/2023', 'MM/DD/YYYY'), 'O0005', 'C029');
INSERT INTO Feedbacks (feedbackID, feedbackRating, feedbackComment, feedbackDate, orderID, customerID) VALUES ('F018', 5, 'Hawaiian Chicken Pizza was a delightful combination', TO_DATE('06/13/2023', 'MM/DD/YYYY'), 'O0007', 'C024');
INSERT INTO Feedbacks (feedbackID, feedbackRating, feedbackComment, feedbackDate, orderID, customerID) VALUES ('F019', 5, 'Royal Martini was a refreshing and elegant drink', TO_DATE('06/14/2023', 'MM/DD/YYYY'), 'O0007', 'C025');
INSERT INTO Feedbacks (feedbackID, feedbackRating, feedbackComment, feedbackDate, orderID, customerID) VALUES ('F020', 4, 'Classic Mojito was a great choice for a summer evening', TO_DATE('06/14/2023', 'MM/DD/YYYY'), 'O0008', 'C023');
INSERT INTO Feedbacks (feedbackID, feedbackRating, feedbackComment, feedbackDate, orderID, customerID) VALUES ('F021', 5, 'Heineken was served ice-cold and hit the spot', TO_DATE('06/14/2023', 'MM/DD/YYYY'), 'O0009', 'C011');
INSERT INTO Feedbacks (feedbackID, feedbackRating, feedbackComment, feedbackDate, orderID, customerID) VALUES ('F022', 5, 'The presentation of dishes was impressive', TO_DATE('06/14/2023', 'MM/DD/YYYY'), 'O0007', 'C012');
INSERT INTO Feedbacks (feedbackID, feedbackRating, feedbackComment, feedbackDate, orderID, customerID) VALUES ('F023', 5, 'The ambiance added to the overall experience', TO_DATE('06/14/2023', 'MM/DD/YYYY'), 'O0010', 'C013');
INSERT INTO Feedbacks (feedbackID, feedbackRating, feedbackComment, feedbackDate, orderID, customerID) VALUES ('F024', 4, 'The staff was friendly and attentive', TO_DATE('06/14/2023', 'MM/DD/YYYY'), 'O0009', 'C014');
INSERT INTO Feedbacks (feedbackID, feedbackRating, feedbackComment, feedbackDate, orderID, customerID) VALUES ('F025', 1, 'Golden Fish Filet was greasy and not fresh.', TO_DATE('06/14/2023', 'MM/DD/YYYY'), 'O0007', 'C015');
INSERT INTO Feedbacks (feedbackID, feedbackRating, feedbackComment, feedbackDate, orderID, customerID) VALUES ('F026', 2, 'Kerabu Chicken Chop had too much spice, could not taste anything else.', TO_DATE('06/14/2023', 'MM/DD/YYYY'), 'O0007', 'C016');
INSERT INTO Feedbacks (feedbackID, feedbackRating, feedbackComment, feedbackDate, orderID, customerID) VALUES ('F027', 5, 'The restaurant had a cozy and inviting atmosphere', TO_DATE('06/15/2023', 'MM/DD/YYYY'), 'O0008', 'C017');
INSERT INTO Feedbacks (feedbackID, feedbackRating, feedbackComment, feedbackDate, orderID, customerID) VALUES ('F028', 5, 'The food portions were generous and satisfying', TO_DATE('06/15/2023', 'MM/DD/YYYY'), 'O0009', 'C018');
INSERT INTO Feedbacks (feedbackID, feedbackRating, feedbackComment, feedbackDate, orderID, customerID) VALUES ('F029', 5, 'The flavors in each dish were well-balanced', TO_DATE('06/15/2023', 'MM/DD/YYYY'), 'O0007', 'C019');
INSERT INTO Feedbacks (feedbackID, feedbackRating, feedbackComment, feedbackDate, orderID, customerID) VALUES ('F030', 5, 'A wide variety of options for all preferences', TO_DATE('06/15/2023', 'MM/DD/YYYY'), 'O0010', 'C020');
INSERT INTO Feedbacks (feedbackID, feedbackRating, feedbackComment, feedbackDate, orderID, customerID) VALUES ('F031', 5, 'The Golden Fish Filet was a must-try', TO_DATE('06/15/2023', 'MM/DD/YYYY'), 'O0007', 'C022');
INSERT INTO Feedbacks (feedbackID, feedbackRating, feedbackComment, feedbackDate, orderID, customerID) VALUES ('F032', 4, 'The Wagyu Beef Burger melted in my mouth', TO_DATE('06/15/2023', 'MM/DD/YYYY'), 'O0007', 'C023');
INSERT INTO Feedbacks (feedbackID, feedbackRating, feedbackComment, feedbackDate, orderID, customerID) VALUES ('F033', 5, 'French Fries were the perfect side dish', TO_DATE('06/15/2023', 'MM/DD/YYYY'), 'O0008', 'C023');
INSERT INTO Feedbacks (feedbackID, feedbackRating, feedbackComment, feedbackDate, orderID, customerID) VALUES ('F034', 5, 'The Mushroom Soup warmed my soul', TO_DATE('06/16/2023', 'MM/DD/YYYY'), 'O0009', 'C024');
INSERT INTO Feedbacks (feedbackID, feedbackRating, feedbackComment, feedbackDate, orderID, customerID) VALUES ('F035', 5, 'The Hawaiian Chicken Pizza was a winner', TO_DATE('06/16/2023', 'MM/DD/YYYY'), 'O0007', 'C025');
INSERT INTO Feedbacks (feedbackID, feedbackRating, feedbackComment, feedbackDate, orderID, customerID) VALUES ('F036', 4, 'Royal Martini was crafted to perfection', TO_DATE('06/16/2023', 'MM/DD/YYYY'), 'O0010', 'C026');
INSERT INTO Feedbacks (feedbackID, feedbackRating, feedbackComment, feedbackDate, orderID, customerID) VALUES ('F037', 5, 'The Seafood Aglio Olio had the right kick', TO_DATE('06/16/2023', 'MM/DD/YYYY'), 'O0009', 'C027');
INSERT INTO Feedbacks (feedbackID, feedbackRating, feedbackComment, feedbackDate, orderID, customerID) VALUES ('F038', 4, 'The Grilled Chicken Chop was seasoned to perfection', TO_DATE('06/16/2023', 'MM/DD/YYYY'), 'O0005', 'C028');
INSERT INTO Feedbacks (feedbackID, feedbackRating, feedbackComment, feedbackDate, orderID, customerID) VALUES ('F039', 5, 'The Kerabu Chicken Chop was a delightful twist', TO_DATE('06/16/2023', 'MM/DD/YYYY'), 'O0005', 'C029');
INSERT INTO Feedbacks (feedbackID, feedbackRating, feedbackComment, feedbackDate, orderID, customerID) VALUES ('F040', 1, 'Kerabu Fish Filet was too salty, could not finish it.', TO_DATE('06/16/2023', 'MM/DD/YYYY'), 'O0006', 'C030');
INSERT INTO Feedbacks (feedbackID, feedbackRating, feedbackComment, feedbackDate, orderID, customerID) VALUES ('F041', 2, 'Chicken Bolognese was bland and lacked seasoning.', TO_DATE('06/17/2023', 'MM/DD/YYYY'), 'O0005', 'C031');
INSERT INTO Feedbacks (feedbackID, feedbackRating, feedbackComment, feedbackDate, orderID, customerID) VALUES ('F042', 5, 'The Seafood Marinara was a seafood lovers paradise', TO_DATE('06/17/2023', 'MM/DD/YYYY'), 'O0005', 'C032');
INSERT INTO Feedbacks (feedbackID, feedbackRating, feedbackComment, feedbackDate, orderID, customerID) VALUES ('F043', 4, 'Heineken added the perfect touch to the meal', TO_DATE('06/17/2023', 'MM/DD/YYYY'), 'O0006', 'C033');
INSERT INTO Feedbacks (feedbackID, feedbackRating, feedbackComment, feedbackDate, orderID, customerID) VALUES ('F044', 5, 'The Classic Mojito was a refreshing delight', TO_DATE('06/17/2023', 'MM/DD/YYYY'), 'O0005', 'C034');
INSERT INTO Feedbacks (feedbackID, feedbackRating, feedbackComment, feedbackDate, orderID, customerID) VALUES ('F045', 1, 'Seafood Aglio Olio was way too oily and did not taste good.', TO_DATE('06/17/2023', 'MM/DD/YYYY'), 'O0005', 'C035');
INSERT INTO Feedbacks (feedbackID, feedbackRating, feedbackComment, feedbackDate, orderID, customerID) VALUES ('F046', 5, 'The staff recommendations were spot on', TO_DATE('06/17/2023', 'MM/DD/YYYY'), 'O0006', 'C036');
INSERT INTO Feedbacks (feedbackID, feedbackRating, feedbackComment, feedbackDate, orderID, customerID) VALUES ('F047', 5, 'The Premium Chicken Chop was a true delight', TO_DATE('06/17/2023', 'MM/DD/YYYY'), 'O0005', 'C037');
INSERT INTO Feedbacks (feedbackID, feedbackRating, feedbackComment, feedbackDate, orderID, customerID) VALUES ('F048', 5, 'The Grilled Pork Chop was succulent and juicy', TO_DATE('06/17/2023', 'MM/DD/YYYY'), 'O0007', 'C038');
INSERT INTO Feedbacks (feedbackID, feedbackRating, feedbackComment, feedbackDate, orderID, customerID) VALUES ('F049', 1, 'Signature Cheese Pizza was burnt and inedible.', TO_DATE('06/17/2023', 'MM/DD/YYYY'), 'O0007', 'C039');
INSERT INTO Feedbacks (feedbackID, feedbackRating, feedbackComment, feedbackDate, orderID, customerID) VALUES ('F050', 4, 'The Signature Cheese Pizza was heavenly', TO_DATE('06/17/2023', 'MM/DD/YYYY'), 'O0008', 'C040');
INSERT INTO Feedbacks (feedbackID, feedbackRating, feedbackComment, feedbackDate, orderID, customerID) VALUES ('F051', 5, 'The Kerabu Fish Filet had a burst of flavors', TO_DATE('06/17/2023', 'MM/DD/YYYY'), 'O0009', 'C041');
INSERT INTO Feedbacks (feedbackID, feedbackRating, feedbackComment, feedbackDate, orderID, customerID) VALUES ('F052', 1, 'Service was slow and the staff seemed indifferent.', TO_DATE('06/18/2023', 'MM/DD/YYYY'), 'O0007', 'C042');
INSERT INTO Feedbacks (feedbackID, feedbackRating, feedbackComment, feedbackDate, orderID, customerID) VALUES ('F053', 5, 'Seafood Aglio Olio satisfied my pasta craving', TO_DATE('06/18/2023', 'MM/DD/YYYY'), 'O0010', 'C043');
INSERT INTO Feedbacks (feedbackID, feedbackRating, feedbackComment, feedbackDate, orderID, customerID) VALUES ('F054', 5, 'The Golden Fish Burger was worth every bite', TO_DATE('06/18/2023', 'MM/DD/YYYY'), 'O0009', 'C044');
INSERT INTO Feedbacks (feedbackID, feedbackRating, feedbackComment, feedbackDate, orderID, customerID) VALUES ('F055', 4, 'The Wagyu Beef Burger was a gourmet experience', TO_DATE('06/18/2023', 'MM/DD/YYYY'), 'O0007', 'C045');
INSERT INTO Feedbacks (feedbackID, feedbackRating, feedbackComment, feedbackDate, orderID, customerID) VALUES ('F056', 5, 'The Hawaiian Chicken Pizza had the right balance', TO_DATE('06/18/2023', 'MM/DD/YYYY'), 'O0007', 'C046');
INSERT INTO Feedbacks (feedbackID, feedbackRating, feedbackComment, feedbackDate, orderID, customerID) VALUES ('F057', 5, 'Mushroom Soup was a comforting choice', TO_DATE('06/18/2023', 'MM/DD/YYYY'), 'O0008', 'C047');
INSERT INTO Feedbacks (feedbackID, feedbackRating, feedbackComment, feedbackDate, orderID, customerID) VALUES ('F058', 5, 'The Royal Martini was a perfect start to the meal', TO_DATE('06/18/2023', 'MM/DD/YYYY'), 'O0009', 'C048');
INSERT INTO Feedbacks (feedbackID, feedbackRating, feedbackComment, feedbackDate, orderID, customerID) VALUES ('F059', 5, 'Classic Mojito was a crowd-pleaser', TO_DATE('06/18/2023', 'MM/DD/YYYY'), 'O0007', 'C049');
INSERT INTO Feedbacks (feedbackID, feedbackRating, feedbackComment, feedbackDate, orderID, customerID) VALUES ('F060', 4, 'Overall, a five-star experience at this restaurant', TO_DATE('06/18/2023', 'MM/DD/YYYY'), 'O0010', 'C050');

INSERT INTO OrderItems (orderItemID, orderQuantity, orderPrice, orderID, itemsID) values ('OI001', 1, 25.00, 'O0001', 'I046');
INSERT INTO OrderItems (orderItemID, orderQuantity, orderPrice, orderID, itemsID) values ('OI002', 3, 39.00, 'O0001', 'I019');
INSERT INTO OrderItems (orderItemID, orderQuantity, orderPrice, orderID, itemsID) values ('OI003', 2, 39.00, 'O0002', 'I019');
INSERT INTO OrderItems (orderItemID, orderQuantity, orderPrice, orderID, itemsID) values ('OI004', 3, 19.00, 'O0002', 'I042');
INSERT INTO OrderItems (orderItemID, orderQuantity, orderPrice, orderID, itemsID) values ('OI005', 1, 39.00, 'O0004', 'I019');
INSERT INTO OrderItems (orderItemID, orderQuantity, orderPrice, orderID, itemsID) values ('OI006', 1, 30.00, 'O0006', 'I003');
INSERT INTO OrderItems (orderItemID, orderQuantity, orderPrice, orderID, itemsID) values ('OI007', 2, 11.00, 'O0006', 'I026');
INSERT INTO OrderItems (orderItemID, orderQuantity, orderPrice, orderID, itemsID) values ('OI008', 3, 31.00, 'O0008', 'I016');
INSERT INTO OrderItems (orderItemID, orderQuantity, orderPrice, orderID, itemsID) values ('OI009', 4, 10.00, 'O0008', 'I024');
INSERT INTO OrderItems (orderItemID, orderQuantity, orderPrice, orderID, itemsID) values ('OI010', 1, 25.00, 'O0010', 'I044');
INSERT INTO OrderItems (orderItemID, orderQuantity, orderPrice, orderID, itemsID) values ('OI011', 1, 12.00, 'O0011', 'I034');
INSERT INTO OrderItems (orderItemID, orderQuantity, orderPrice, orderID, itemsID) values ('OI012', 3, 12.00, 'O0011', 'I033');
INSERT INTO OrderItems (orderItemID, orderQuantity, orderPrice, orderID, itemsID) values ('OI013', 2, 34.00, 'O0012', 'I007');
INSERT INTO OrderItems (orderItemID, orderQuantity, orderPrice, orderID, itemsID) values ('OI014', 3, 24.00, 'O0012', 'I001');
INSERT INTO OrderItems (orderItemID, orderQuantity, orderPrice, orderID, itemsID) values ('OI015', 1, 23.00, 'O0014', 'I010');
INSERT INTO OrderItems (orderItemID, orderQuantity, orderPrice, orderID, itemsID) values ('OI016', 1, 16.00, 'O0015', 'I030');
INSERT INTO OrderItems (orderItemID, orderQuantity, orderPrice, orderID, itemsID) values ('OI017', 2, 22.00, 'O0016', 'I031');
INSERT INTO OrderItems (orderItemID, orderQuantity, orderPrice, orderID, itemsID) values ('OI018', 3, 12.00, 'O0016', 'I033');
INSERT INTO OrderItems (orderItemID, orderQuantity, orderPrice, orderID, itemsID) values ('OI019', 4, 29.00, 'O0018', 'I012');
INSERT INTO OrderItems (orderItemID, orderQuantity, orderPrice, orderID, itemsID) values ('OI020', 1, 29.00, 'O0019', 'I006');
INSERT INTO OrderItems (orderItemID, orderQuantity, orderPrice, orderID, itemsID) values ('OI021', 1, 16.00, 'O0020', 'I030');
INSERT INTO OrderItems (orderItemID, orderQuantity, orderPrice, orderID, itemsID) values ('OI022', 3, 15.00, 'O0020', 'I049');
INSERT INTO OrderItems (orderItemID, orderQuantity, orderPrice, orderID, itemsID) values ('OI023', 2, 25.00, 'O0022', 'I045');
INSERT INTO OrderItems (orderItemID, orderQuantity, orderPrice, orderID, itemsID) values ('OI024', 3, 22.00, 'O0024', 'I011');
INSERT INTO OrderItems (orderItemID, orderQuantity, orderPrice, orderID, itemsID) values ('OI025', 1, 43.00, 'O0026', 'I023');
INSERT INTO OrderItems (orderItemID, orderQuantity, orderPrice, orderID, itemsID) values ('OI026', 1, 14.00, 'O0026', 'I027');
INSERT INTO OrderItems (orderItemID, orderQuantity, orderPrice, orderID, itemsID) values ('OI027', 2, 10.00, 'O0027', 'I024');
INSERT INTO OrderItems (orderItemID, orderQuantity, orderPrice, orderID, itemsID) values ('OI028', 3, 12.00, 'O0028', 'I033');
INSERT INTO OrderItems (orderItemID, orderQuantity, orderPrice, orderID, itemsID) values ('OI029', 4, 30.00, 'O0029', 'I021');
INSERT INTO OrderItems (orderItemID, orderQuantity, orderPrice, orderID, itemsID) values ('OI030', 1, 32.00, 'O0029', 'I015');
INSERT INTO OrderItems (orderItemID, orderQuantity, orderPrice, orderID, itemsID) values ('OI031', 1, 22.00, 'O0030', 'I011');
INSERT INTO OrderItems (orderItemID, orderQuantity, orderPrice, orderID, itemsID) values ('OI032', 3, 12.00, 'O0031', 'I034');
INSERT INTO OrderItems (orderItemID, orderQuantity, orderPrice, orderID, itemsID) values ('OI033', 2, 19.00, 'O0032', 'I041');
INSERT INTO OrderItems (orderItemID, orderQuantity, orderPrice, orderID, itemsID) values ('OI034', 3, 39.00, 'O0033', 'I019');
INSERT INTO OrderItems (orderItemID, orderQuantity, orderPrice, orderID, itemsID) values ('OI035', 1, 24.00, 'O0035', 'I018');
INSERT INTO OrderItems (orderItemID, orderQuantity, orderPrice, orderID, itemsID) values ('OI036', 1, 11.00, 'O0035', 'I026');
INSERT INTO OrderItems (orderItemID, orderQuantity, orderPrice, orderID, itemsID) values ('OI037', 2, 15.00, 'O0036', 'I049');
INSERT INTO OrderItems (orderItemID, orderQuantity, orderPrice, orderID, itemsID) values ('OI038', 3, 34.00, 'O0038', 'I014');
INSERT INTO OrderItems (orderItemID, orderQuantity, orderPrice, orderID, itemsID) values ('OI039', 4, 29.00, 'O0040', 'I012');
INSERT INTO OrderItems (orderItemID, orderQuantity, orderPrice, orderID, itemsID) values ('OI040', 1, 17.00, 'O0040', 'I038');
INSERT INTO OrderItems (orderItemID, orderQuantity, orderPrice, orderID, itemsID) values ('OI041', 1, 8.00, 'O0041', 'I036');
INSERT INTO OrderItems (orderItemID, orderQuantity, orderPrice, orderID, itemsID) values ('OI042', 3, 25.00, 'O0042', 'I047');
INSERT INTO OrderItems (orderItemID, orderQuantity, orderPrice, orderID, itemsID) values ('OI043', 2, 43.00, 'O0043', 'I023');
INSERT INTO OrderItems (orderItemID, orderQuantity, orderPrice, orderID, itemsID) values ('OI044', 3, 22.00, 'O0045', 'I031');
INSERT INTO OrderItems (orderItemID, orderQuantity, orderPrice, orderID, itemsID) values ('OI045', 1, 25.00, 'O0045', 'I046');
INSERT INTO OrderItems (orderItemID, orderQuantity, orderPrice, orderID, itemsID) values ('OI046', 1, 29.00, 'O0047', 'I012');
INSERT INTO OrderItems (orderItemID, orderQuantity, orderPrice, orderID, itemsID) values ('OI047', 2, 23.00, 'O0047', 'I010');
INSERT INTO OrderItems (orderItemID, orderQuantity, orderPrice, orderID, itemsID) values ('OI048', 3, 31.00, 'O0048', 'I020');
INSERT INTO OrderItems (orderItemID, orderQuantity, orderPrice, orderID, itemsID) values ('OI049', 4, 16.00, 'O0049', 'I030');
INSERT INTO OrderItems (orderItemID, orderQuantity, orderPrice, orderID, itemsID) values ('OI050', 1, 8.00, 'O0050', 'I035');
INSERT INTO OrderItems (orderItemID, orderQuantity, orderPrice, orderID, itemsID) values ('OI051', 1, 30.00, 'O0050', 'I021');
INSERT INTO OrderItems (orderItemID, orderQuantity, orderPrice, orderID, itemsID) values ('OI052', 3, 25.00, 'O0052', 'I044');
INSERT INTO OrderItems (orderItemID, orderQuantity, orderPrice, orderID, itemsID) values ('OI053', 2, 8.00, 'O0054', 'I036');
INSERT INTO OrderItems (orderItemID, orderQuantity, orderPrice, orderID, itemsID) values ('OI054', 3, 23.00, 'O0054', 'I022');
INSERT INTO OrderItems (orderItemID, orderQuantity, orderPrice, orderID, itemsID) values ('OI055', 1, 16.00, 'O0056', 'I030');
INSERT INTO OrderItems (orderItemID, orderQuantity, orderPrice, orderID, itemsID) values ('OI056', 1, 29.00, 'O0056', 'I017');
INSERT INTO OrderItems (orderItemID, orderQuantity, orderPrice, orderID, itemsID) values ('OI057', 2, 12.00, 'O0057', 'I033');
INSERT INTO OrderItems (orderItemID, orderQuantity, orderPrice, orderID, itemsID) values ('OI058', 3, 11.00, 'O0057', 'I026');
INSERT INTO OrderItems (orderItemID, orderQuantity, orderPrice, orderID, itemsID) values ('OI059', 4, 29.00, 'O0059', 'I006');
INSERT INTO OrderItems (orderItemID, orderQuantity, orderPrice, orderID, itemsID) values ('OI060', 1, 31.00, 'O0060', 'I004');
INSERT INTO OrderItems (orderItemID, orderQuantity, orderPrice, orderID, itemsID) values ('OI061', 1, 31.00, 'O0061', 'I020');
INSERT INTO OrderItems (orderItemID, orderQuantity, orderPrice, orderID, itemsID) values ('OI062', 3, 15.00, 'O0061', 'I049');
INSERT INTO OrderItems (orderItemID, orderQuantity, orderPrice, orderID, itemsID) values ('OI063', 2, 24.00, 'O0063', 'I029');
INSERT INTO OrderItems (orderItemID, orderQuantity, orderPrice, orderID, itemsID) values ('OI064', 3, 31.00, 'O0064', 'I016');
INSERT INTO OrderItems (orderItemID, orderQuantity, orderPrice, orderID, itemsID) values ('OI065', 1, 34.00, 'O0064', 'I014');
INSERT INTO OrderItems (orderItemID, orderQuantity, orderPrice, orderID, itemsID) values ('OI066', 1, 43.00, 'O0066', 'I023');
INSERT INTO OrderItems (orderItemID, orderQuantity, orderPrice, orderID, itemsID) values ('OI067', 2, 25.00, 'O0068', 'I045');
INSERT INTO OrderItems (orderItemID, orderQuantity, orderPrice, orderID, itemsID) values ('OI068', 3, 30.00, 'O0068', 'I021');
INSERT INTO OrderItems (orderItemID, orderQuantity, orderPrice, orderID, itemsID) values ('OI069', 4, 22.00, 'O0069', 'I031');
INSERT INTO OrderItems (orderItemID, orderQuantity, orderPrice, orderID, itemsID) values ('OI070', 1, 19.00, 'O0070', 'I041');
INSERT INTO OrderItems (orderItemID, orderQuantity, orderPrice, orderID, itemsID) values ('OI071', 1, 15.00, 'O0070', 'I050');
INSERT INTO OrderItems (orderItemID, orderQuantity, orderPrice, orderID, itemsID) values ('OI072', 3, 19.00, 'O0072', 'I042');
INSERT INTO OrderItems (orderItemID, orderQuantity, orderPrice, orderID, itemsID) values ('OI073', 2, 18.00, 'O0072', 'I040');
INSERT INTO OrderItems (orderItemID, orderQuantity, orderPrice, orderID, itemsID) values ('OI074', 3, 12.00, 'O0075', 'I032');
INSERT INTO OrderItems (orderItemID, orderQuantity, orderPrice, orderID, itemsID) values ('OI075', 1, 31.00, 'O0075', 'I013');
INSERT INTO OrderItems (orderItemID, orderQuantity, orderPrice, orderID, itemsID) values ('OI076', 1, 30.00, 'O0076', 'I003');
INSERT INTO OrderItems (orderItemID, orderQuantity, orderPrice, orderID, itemsID) values ('OI077', 2, 24.00, 'O0076', 'I029');
INSERT INTO OrderItems (orderItemID, orderQuantity, orderPrice, orderID, itemsID) values ('OI078', 3, 31.00, 'O0078', 'I013');
INSERT INTO OrderItems (orderItemID, orderQuantity, orderPrice, orderID, itemsID) values ('OI079', 4, 25.00, 'O0080', 'I045');
INSERT INTO OrderItems (orderItemID, orderQuantity, orderPrice, orderID, itemsID) values ('OI080', 1, 39.00, 'O0080', 'I019');
INSERT INTO OrderItems (orderItemID, orderQuantity, orderPrice, orderID, itemsID) values ('OI081', 1, 25.00, 'O0081', 'I046');
INSERT INTO OrderItems (orderItemID, orderQuantity, orderPrice, orderID, itemsID) values ('OI082', 3, 39.00, 'O0081', 'I019');
INSERT INTO OrderItems (orderItemID, orderQuantity, orderPrice, orderID, itemsID) values ('OI083', 2, 39.00, 'O0082', 'I019');
INSERT INTO OrderItems (orderItemID, orderQuantity, orderPrice, orderID, itemsID) values ('OI084', 3, 19.00, 'O0082', 'I042');
INSERT INTO OrderItems (orderItemID, orderQuantity, orderPrice, orderID, itemsID) values ('OI085', 1, 39.00, 'O0084', 'I019');
INSERT INTO OrderItems (orderItemID, orderQuantity, orderPrice, orderID, itemsID) values ('OI086', 1, 30.00, 'O0086', 'I003');
INSERT INTO OrderItems (orderItemID, orderQuantity, orderPrice, orderID, itemsID) values ('OI087', 2, 11.00, 'O0086', 'I026');
INSERT INTO OrderItems (orderItemID, orderQuantity, orderPrice, orderID, itemsID) values ('OI088', 3, 31.00, 'O0088', 'I016');
INSERT INTO OrderItems (orderItemID, orderQuantity, orderPrice, orderID, itemsID) values ('OI089', 4, 10.00, 'O0088', 'I024');
INSERT INTO OrderItems (orderItemID, orderQuantity, orderPrice, orderID, itemsID) values ('OI090', 1, 25.00, 'O0090', 'I044');
INSERT INTO OrderItems (orderItemID, orderQuantity, orderPrice, orderID, itemsID) values ('OI091', 1, 12.00, 'O0091', 'I034');
INSERT INTO OrderItems (orderItemID, orderQuantity, orderPrice, orderID, itemsID) values ('OI092', 3, 12.00, 'O0091', 'I033');
INSERT INTO OrderItems (orderItemID, orderQuantity, orderPrice, orderID, itemsID) values ('OI093', 2, 34.00, 'O0092', 'I007');
INSERT INTO OrderItems (orderItemID, orderQuantity, orderPrice, orderID, itemsID) values ('OI094', 3, 24.00, 'O0092', 'I001');
INSERT INTO OrderItems (orderItemID, orderQuantity, orderPrice, orderID, itemsID) values ('OI095', 1, 23.00, 'O0094', 'I010');
INSERT INTO OrderItems (orderItemID, orderQuantity, orderPrice, orderID, itemsID) values ('OI096', 1, 16.00, 'O0095', 'I030');
INSERT INTO OrderItems (orderItemID, orderQuantity, orderPrice, orderID, itemsID) values ('OI097', 2, 22.00, 'O0096', 'I031');
INSERT INTO OrderItems (orderItemID, orderQuantity, orderPrice, orderID, itemsID) values ('OI098', 3, 12.00, 'O0096', 'I033');
INSERT INTO OrderItems (orderItemID, orderQuantity, orderPrice, orderID, itemsID) values ('OI099', 4, 29.00, 'O0098', 'I012');
INSERT INTO OrderItems (orderItemID, orderQuantity, orderPrice, orderID, itemsID) values ('OI100', 1, 29.00, 'O0099', 'I006');
INSERT INTO OrderItems (orderItemID, orderQuantity, orderPrice, orderID, itemsID) values ('OI101', 1, 16.00, 'O0100', 'I030');
INSERT INTO OrderItems (orderItemID, orderQuantity, orderPrice, orderID, itemsID) values ('OI102', 3, 15.00, 'O0100', 'I049');
INSERT INTO OrderItems (orderItemID, orderQuantity, orderPrice, orderID, itemsID) values ('OI103', 2, 25.00, 'O0102', 'I045');
INSERT INTO OrderItems (orderItemID, orderQuantity, orderPrice, orderID, itemsID) values ('OI104', 3, 22.00, 'O0104', 'I011');
INSERT INTO OrderItems (orderItemID, orderQuantity, orderPrice, orderID, itemsID) values ('OI105', 1, 43.00, 'O0106', 'I023');
INSERT INTO OrderItems (orderItemID, orderQuantity, orderPrice, orderID, itemsID) values ('OI106', 1, 14.00, 'O0106', 'I027');
INSERT INTO OrderItems (orderItemID, orderQuantity, orderPrice, orderID, itemsID) values ('OI107', 2, 10.00, 'O0107', 'I024');
INSERT INTO OrderItems (orderItemID, orderQuantity, orderPrice, orderID, itemsID) values ('OI108', 3, 12.00, 'O0108', 'I033');
INSERT INTO OrderItems (orderItemID, orderQuantity, orderPrice, orderID, itemsID) values ('OI109', 4, 30.00, 'O0109', 'I021');
INSERT INTO OrderItems (orderItemID, orderQuantity, orderPrice, orderID, itemsID) values ('OI110', 1, 32.00, 'O0110', 'I015');
INSERT INTO OrderItems (orderItemID, orderQuantity, orderPrice, orderID, itemsID) values ('OI111', 1, 25.00, 'O0111', 'I046');
INSERT INTO OrderItems (orderItemID, orderQuantity, orderPrice, orderID, itemsID) values ('OI112', 3, 39.00, 'O0111', 'I019');
INSERT INTO OrderItems (orderItemID, orderQuantity, orderPrice, orderID, itemsID) values ('OI113', 2, 39.00, 'O0112', 'I019');
INSERT INTO OrderItems (orderItemID, orderQuantity, orderPrice, orderID, itemsID) values ('OI114', 3, 19.00, 'O0112', 'I042');
INSERT INTO OrderItems (orderItemID, orderQuantity, orderPrice, orderID, itemsID) values ('OI115', 1, 39.00, 'O0114', 'I019');
INSERT INTO OrderItems (orderItemID, orderQuantity, orderPrice, orderID, itemsID) values ('OI116', 1, 30.00, 'O0116', 'I003');
INSERT INTO OrderItems (orderItemID, orderQuantity, orderPrice, orderID, itemsID) values ('OI117', 2, 11.00, 'O0117', 'I026');
INSERT INTO OrderItems (orderItemID, orderQuantity, orderPrice, orderID, itemsID) values ('OI118', 3, 31.00, 'O0118', 'I016');
INSERT INTO OrderItems (orderItemID, orderQuantity, orderPrice, orderID, itemsID) values ('OI119', 4, 10.00, 'O0118', 'I024');
INSERT INTO OrderItems (orderItemID, orderQuantity, orderPrice, orderID, itemsID) values ('OI120', 1, 25.00, 'O0120', 'I044');

INSERT INTO OrderSetMeals (orderSetMealID, orderQuantity, orderPrice, orderID, setMealID) VALUES ('OSM001', 1, 33.00, 'O0001', 'SM001');
INSERT INTO OrderSetMeals (orderSetMealID, orderQuantity, orderPrice, orderID, setMealID) VALUES ('OSM002', 2, 35.00, 'O0003', 'SM002');
INSERT INTO OrderSetMeals (orderSetMealID, orderQuantity, orderPrice, orderID, setMealID) VALUES ('OSM003', 1, 29.50, 'O0004', 'SM003');
INSERT INTO OrderSetMeals (orderSetMealID, orderQuantity, orderPrice, orderID, setMealID) VALUES ('OSM004', 4, 26.00, 'O0005', 'SM004');
INSERT INTO OrderSetMeals (orderSetMealID, orderQuantity, orderPrice, orderID, setMealID) VALUES ('OSM005', 1, 23.00, 'O0007', 'SM005');
INSERT INTO OrderSetMeals (orderSetMealID, orderQuantity, orderPrice, orderID, setMealID) VALUES ('OSM006', 1, 20.50, 'O0008', 'SM006');
INSERT INTO OrderSetMeals (orderSetMealID, orderQuantity, orderPrice, orderID, setMealID) VALUES ('OSM007', 2, 18.00, 'O0009', 'SM007');
INSERT INTO OrderSetMeals (orderSetMealID, orderQuantity, orderPrice, orderID, setMealID) VALUES ('OSM008', 1, 22.50, 'O0013', 'SM008');
INSERT INTO OrderSetMeals (orderSetMealID, orderQuantity, orderPrice, orderID, setMealID) VALUES ('OSM009', 1, 17.50, 'O0013', 'SM009');
INSERT INTO OrderSetMeals (orderSetMealID, orderQuantity, orderPrice, orderID, setMealID) VALUES ('OSM010', 2, 21.00, 'O0014', 'SM010');
INSERT INTO OrderSetMeals (orderSetMealID, orderQuantity, orderPrice, orderID, setMealID) VALUES ('OSM011', 1, 24.00, 'O0016', 'SM011');
INSERT INTO OrderSetMeals (orderSetMealID, orderQuantity, orderPrice, orderID, setMealID) VALUES ('OSM012', 2, 22.50, 'O0017', 'SM012');
INSERT INTO OrderSetMeals (orderSetMealID, orderQuantity, orderPrice, orderID, setMealID) VALUES ('OSM013', 1, 18.50, 'O0017', 'SM013');
INSERT INTO OrderSetMeals (orderSetMealID, orderQuantity, orderPrice, orderID, setMealID) VALUES ('OSM014', 3, 16.00, 'O0018', 'SM014');
INSERT INTO OrderSetMeals (orderSetMealID, orderQuantity, orderPrice, orderID, setMealID) VALUES ('OSM015', 1, 28.00, 'O0019', 'SM015');
INSERT INTO OrderSetMeals (orderSetMealID, orderQuantity, orderPrice, orderID, setMealID) VALUES ('OSM016', 1, 24.50, 'O0021', 'SM016');
INSERT INTO OrderSetMeals (orderSetMealID, orderQuantity, orderPrice, orderID, setMealID) VALUES ('OSM017', 4, 33.50, 'O0023', 'SM017');
INSERT INTO OrderSetMeals (orderSetMealID, orderQuantity, orderPrice, orderID, setMealID) VALUES ('OSM018', 1, 29.00, 'O0024', 'SM018');
INSERT INTO OrderSetMeals (orderSetMealID, orderQuantity, orderPrice, orderID, setMealID) VALUES ('OSM019', 1, 27.50, 'O0024', 'SM019');
INSERT INTO OrderSetMeals (orderSetMealID, orderQuantity, orderPrice, orderID, setMealID) VALUES ('OSM020', 2, 30.50, 'O0025', 'SM020');
INSERT INTO OrderSetMeals (orderSetMealID, orderQuantity, orderPrice, orderID, setMealID) VALUES ('OSM021', 1, 26.00, 'O0026', 'SM021');
INSERT INTO OrderSetMeals (orderSetMealID, orderQuantity, orderPrice, orderID, setMealID) VALUES ('OSM022', 1, 19.50, 'O0027', 'SM022');
INSERT INTO OrderSetMeals (orderSetMealID, orderQuantity, orderPrice, orderID, setMealID) VALUES ('OSM023', 1, 18.00, 'O0029', 'SM023');
INSERT INTO OrderSetMeals (orderSetMealID, orderQuantity, orderPrice, orderID, setMealID) VALUES ('OSM024', 1, 20.00, 'O0030', 'SM024');
INSERT INTO OrderSetMeals (orderSetMealID, orderQuantity, orderPrice, orderID, setMealID) VALUES ('OSM025', 3, 23.50, 'O0031', 'SM025');
INSERT INTO OrderSetMeals (orderSetMealID, orderQuantity, orderPrice, orderID, setMealID) VALUES ('OSM026', 2, 25.00, 'O0032', 'SM026');
INSERT INTO OrderSetMeals (orderSetMealID, orderQuantity, orderPrice, orderID, setMealID) VALUES ('OSM027', 1, 14.50, 'O0034', 'SM027');
INSERT INTO OrderSetMeals (orderSetMealID, orderQuantity, orderPrice, orderID, setMealID) VALUES ('OSM028', 1, 15.00, 'O0034', 'SM028');
INSERT INTO OrderSetMeals (orderSetMealID, orderQuantity, orderPrice, orderID, setMealID) VALUES ('OSM029', 2, 26.50, 'O0035', 'SM029');
INSERT INTO OrderSetMeals (orderSetMealID, orderQuantity, orderPrice, orderID, setMealID) VALUES ('OSM030', 1, 29.00, 'O0036', 'SM030');
INSERT INTO OrderSetMeals (orderSetMealID, orderQuantity, orderPrice, orderID, setMealID) VALUES ('OSM031', 1, 33.00, 'O0037', 'SM001');
INSERT INTO OrderSetMeals (orderSetMealID, orderQuantity, orderPrice, orderID, setMealID) VALUES ('OSM032', 1, 35.00, 'O0037', 'SM002');
INSERT INTO OrderSetMeals (orderSetMealID, orderQuantity, orderPrice, orderID, setMealID) VALUES ('OSM033', 1, 29.50, 'O0039', 'SM003');
INSERT INTO OrderSetMeals (orderSetMealID, orderQuantity, orderPrice, orderID, setMealID) VALUES ('OSM034', 1, 26.00, 'O0039', 'SM004');
INSERT INTO OrderSetMeals (orderSetMealID, orderQuantity, orderPrice, orderID, setMealID) VALUES ('OSM035', 2, 23.00, 'O0040', 'SM005');
INSERT INTO OrderSetMeals (orderSetMealID, orderQuantity, orderPrice, orderID, setMealID) VALUES ('OSM036', 1, 20.50, 'O0041', 'SM006');
INSERT INTO OrderSetMeals (orderSetMealID, orderQuantity, orderPrice, orderID, setMealID) VALUES ('OSM037', 1, 18.00, 'O0043', 'SM007');
INSERT INTO OrderSetMeals (orderSetMealID, orderQuantity, orderPrice, orderID, setMealID) VALUES ('OSM038', 1, 22.50, 'O0044', 'SM008');
INSERT INTO OrderSetMeals (orderSetMealID, orderQuantity, orderPrice, orderID, setMealID) VALUES ('OSM039', 2, 17.50, 'O0044', 'SM009');
INSERT INTO OrderSetMeals (orderSetMealID, orderQuantity, orderPrice, orderID, setMealID) VALUES ('OSM040', 1, 21.00, 'O0046', 'SM010');
INSERT INTO OrderSetMeals (orderSetMealID, orderQuantity, orderPrice, orderID, setMealID) VALUES ('OSM041', 2, 24.00, 'O0046', 'SM011');
INSERT INTO OrderSetMeals (orderSetMealID, orderQuantity, orderPrice, orderID, setMealID) VALUES ('OSM042', 1, 22.50, 'O0047', 'SM012');
INSERT INTO OrderSetMeals (orderSetMealID, orderQuantity, orderPrice, orderID, setMealID) VALUES ('OSM043', 1, 18.50, 'O0048', 'SM013');
INSERT INTO OrderSetMeals (orderSetMealID, orderQuantity, orderPrice, orderID, setMealID) VALUES ('OSM044', 1, 16.00, 'O0049', 'SM014');
INSERT INTO OrderSetMeals (orderSetMealID, orderQuantity, orderPrice, orderID, setMealID) VALUES ('OSM045', 3, 28.00, 'O0051', 'SM015');
INSERT INTO OrderSetMeals (orderSetMealID, orderQuantity, orderPrice, orderID, setMealID) VALUES ('OSM046', 1, 24.50, 'O0053', 'SM016');
INSERT INTO OrderSetMeals (orderSetMealID, orderQuantity, orderPrice, orderID, setMealID) VALUES ('OSM047', 1, 33.50, 'O0055', 'SM017');
INSERT INTO OrderSetMeals (orderSetMealID, orderQuantity, orderPrice, orderID, setMealID) VALUES ('OSM048', 1, 29.00, 'O0056', 'SM018');
INSERT INTO OrderSetMeals (orderSetMealID, orderQuantity, orderPrice, orderID, setMealID) VALUES ('OSM049', 2, 27.50, 'O0058', 'SM019');
INSERT INTO OrderSetMeals (orderSetMealID, orderQuantity, orderPrice, orderID, setMealID) VALUES ('OSM050', 1, 30.50, 'O0058', 'SM020');
INSERT INTO OrderSetMeals (orderSetMealID, orderQuantity, orderPrice, orderID, setMealID) VALUES ('OSM051', 1, 26.00, 'O0061', 'SM021');
INSERT INTO OrderSetMeals (orderSetMealID, orderQuantity, orderPrice, orderID, setMealID) VALUES ('OSM052', 4, 26.00, 'O0062', 'SM021');
INSERT INTO OrderSetMeals (orderSetMealID, orderQuantity, orderPrice, orderID, setMealID) VALUES ('OSM053', 1, 19.50, 'O0062', 'SM022');
INSERT INTO OrderSetMeals (orderSetMealID, orderQuantity, orderPrice, orderID, setMealID) VALUES ('OSM054', 1, 18.00, 'O0063', 'SM023');
INSERT INTO OrderSetMeals (orderSetMealID, orderQuantity, orderPrice, orderID, setMealID) VALUES ('OSM055', 1, 18.00, 'O0063', 'SM023');
INSERT INTO OrderSetMeals (orderSetMealID, orderQuantity, orderPrice, orderID, setMealID) VALUES ('OSM056', 1, 20.00, 'O0064', 'SM024');
INSERT INTO OrderSetMeals (orderSetMealID, orderQuantity, orderPrice, orderID, setMealID) VALUES ('OSM057', 1, 20.00, 'O0065', 'SM024');
INSERT INTO OrderSetMeals (orderSetMealID, orderQuantity, orderPrice, orderID, setMealID) VALUES ('OSM058', 2, 23.50, 'O0065', 'SM025');
INSERT INTO OrderSetMeals (orderSetMealID, orderQuantity, orderPrice, orderID, setMealID) VALUES ('OSM059', 1, 25.00, 'O0067', 'SM026');
INSERT INTO OrderSetMeals (orderSetMealID, orderQuantity, orderPrice, orderID, setMealID) VALUES ('OSM060', 1, 14.50, 'O0071', 'SM027');
INSERT INTO OrderSetMeals (orderSetMealID, orderQuantity, orderPrice, orderID, setMealID) VALUES ('OSM061', 1, 15.00, 'O0073', 'SM028');
INSERT INTO OrderSetMeals (orderSetMealID, orderQuantity, orderPrice, orderID, setMealID) VALUES ('OSM062', 1, 26.50, 'O0074', 'SM029');
INSERT INTO OrderSetMeals (orderSetMealID, orderQuantity, orderPrice, orderID, setMealID) VALUES ('OSM063', 3, 29.00, 'O0074', 'SM030');
INSERT INTO OrderSetMeals (orderSetMealID, orderQuantity, orderPrice, orderID, setMealID) VALUES ('OSM064', 1, 33.00, 'O0077', 'SM001');
INSERT INTO OrderSetMeals (orderSetMealID, orderQuantity, orderPrice, orderID, setMealID) VALUES ('OSM065', 2, 35.00, 'O0077', 'SM002');
INSERT INTO OrderSetMeals (orderSetMealID, orderQuantity, orderPrice, orderID, setMealID) VALUES ('OSM066', 1, 29.50, 'O0079', 'SM003');
INSERT INTO OrderSetMeals (orderSetMealID, orderQuantity, orderPrice, orderID, setMealID) VALUES ('OSM067', 1, 26.00, 'O0083', 'SM004');
INSERT INTO OrderSetMeals (orderSetMealID, orderQuantity, orderPrice, orderID, setMealID) VALUES ('OSM068', 2, 23.00, 'O0085', 'SM005');
INSERT INTO OrderSetMeals (orderSetMealID, orderQuantity, orderPrice, orderID, setMealID) VALUES ('OSM069', 1, 20.50, 'O0087', 'SM006');
INSERT INTO OrderSetMeals (orderSetMealID, orderQuantity, orderPrice, orderID, setMealID) VALUES ('OSM070', 1, 18.00, 'O0089', 'SM007');
INSERT INTO OrderSetMeals (orderSetMealID, orderQuantity, orderPrice, orderID, setMealID) VALUES ('OSM071', 1, 22.50, 'O0093', 'SM008');
INSERT INTO OrderSetMeals (orderSetMealID, orderQuantity, orderPrice, orderID, setMealID) VALUES ('OSM072', 1, 17.50, 'O0097', 'SM009');
INSERT INTO OrderSetMeals (orderSetMealID, orderQuantity, orderPrice, orderID, setMealID) VALUES ('OSM073', 2, 21.00, 'O0100', 'SM010');
INSERT INTO OrderSetMeals (orderSetMealID, orderQuantity, orderPrice, orderID, setMealID) VALUES ('OSM074', 1, 24.00, 'O0100', 'SM011');
INSERT INTO OrderSetMeals (orderSetMealID, orderQuantity, orderPrice, orderID, setMealID) VALUES ('OSM075', 1, 22.50, 'O0101', 'SM012');
INSERT INTO OrderSetMeals (orderSetMealID, orderQuantity, orderPrice, orderID, setMealID) VALUES ('OSM076', 1, 18.50, 'O0102', 'SM013');
INSERT INTO OrderSetMeals (orderSetMealID, orderQuantity, orderPrice, orderID, setMealID) VALUES ('OSM077', 2, 16.00, 'O0103', 'SM014');
INSERT INTO OrderSetMeals (orderSetMealID, orderQuantity, orderPrice, orderID, setMealID) VALUES ('OSM078', 1, 28.00, 'O0103', 'SM015');
INSERT INTO OrderSetMeals (orderSetMealID, orderQuantity, orderPrice, orderID, setMealID) VALUES ('OSM079', 1, 24.50, 'O0105', 'SM016');
INSERT INTO OrderSetMeals (orderSetMealID, orderQuantity, orderPrice, orderID, setMealID) VALUES ('OSM080', 1, 33.50, 'O0108', 'SM017');
INSERT INTO OrderSetMeals (orderSetMealID, orderQuantity, orderPrice, orderID, setMealID) VALUES ('OSM081', 2, 29.00, 'O0109', 'SM018');
INSERT INTO OrderSetMeals (orderSetMealID, orderQuantity, orderPrice, orderID, setMealID) VALUES ('OSM082', 1, 27.50, 'O0110', 'SM019');
INSERT INTO OrderSetMeals (orderSetMealID, orderQuantity, orderPrice, orderID, setMealID) VALUES ('OSM083', 2, 30.50, 'O0112', 'SM020');
INSERT INTO OrderSetMeals (orderSetMealID, orderQuantity, orderPrice, orderID, setMealID) VALUES ('OSM084', 1, 26.00, 'O0112', 'SM021');
INSERT INTO OrderSetMeals (orderSetMealID, orderQuantity, orderPrice, orderID, setMealID) VALUES ('OSM085', 1, 19.50, 'O0113', 'SM022');
INSERT INTO OrderSetMeals (orderSetMealID, orderQuantity, orderPrice, orderID, setMealID) VALUES ('OSM086', 1, 18.00, 'O0113', 'SM023');
INSERT INTO OrderSetMeals (orderSetMealID, orderQuantity, orderPrice, orderID, setMealID) VALUES ('OSM087', 2, 20.00, 'O0113', 'SM024');
INSERT INTO OrderSetMeals (orderSetMealID, orderQuantity, orderPrice, orderID, setMealID) VALUES ('OSM088', 1, 23.50, 'O0114', 'SM025');
INSERT INTO OrderSetMeals (orderSetMealID, orderQuantity, orderPrice, orderID, setMealID) VALUES ('OSM089', 1, 25.00, 'O0115', 'SM026');
INSERT INTO OrderSetMeals (orderSetMealID, orderQuantity, orderPrice, orderID, setMealID) VALUES ('OSM090', 1, 14.50, 'O0115', 'SM027');
INSERT INTO OrderSetMeals (orderSetMealID, orderQuantity, orderPrice, orderID, setMealID) VALUES ('OSM091', 2, 15.00, 'O0116', 'SM028');
INSERT INTO OrderSetMeals (orderSetMealID, orderQuantity, orderPrice, orderID, setMealID) VALUES ('OSM092', 1, 26.50, 'O0116', 'SM029');
INSERT INTO OrderSetMeals (orderSetMealID, orderQuantity, orderPrice, orderID, setMealID) VALUES ('OSM093', 2, 29.00, 'O0117', 'SM030');
INSERT INTO OrderSetMeals (orderSetMealID, orderQuantity, orderPrice, orderID, setMealID) VALUES ('OSM094', 1, 33.00, 'O0117', 'SM001');
INSERT INTO OrderSetMeals (orderSetMealID, orderQuantity, orderPrice, orderID, setMealID) VALUES ('OSM095', 1, 25.50, 'O0118', 'SM002');
INSERT INTO OrderSetMeals (orderSetMealID, orderQuantity, orderPrice, orderID, setMealID) VALUES ('OSM096', 1, 29.50, 'O0118', 'SM003');
INSERT INTO OrderSetMeals (orderSetMealID, orderQuantity, orderPrice, orderID, setMealID) VALUES ('OSM097', 2, 26.00, 'O0119', 'SM004');
INSERT INTO OrderSetMeals (orderSetMealID, orderQuantity, orderPrice, orderID, setMealID) VALUES ('OSM098', 1, 23.00, 'O0119', 'SM005');
INSERT INTO OrderSetMeals (orderSetMealID, orderQuantity, orderPrice, orderID, setMealID) VALUES ('OSM099', 1, 20.50, 'O0120', 'SM006');
INSERT INTO OrderSetMeals (orderSetMealID, orderQuantity, orderPrice, orderID, setMealID) VALUES ('OSM100', 1, 18.00, 'O0120', 'SM007');

INSERT INTO Payments (paymentId, paymentAmount, paymentDate, paymentMethod, employeeID, orderID, customerID) values ('P0001', 175.00, TO_DATE('06/12/2023', 'MM/DD/YYYY'), 'TNG', 'E004', 'O0001','C001');
INSERT INTO Payments (paymentId, paymentAmount, paymentDate, paymentMethod, employeeID, orderID, customerID) values ('P0002', 135.00, TO_DATE('06/12/2023', 'MM/DD/YYYY'), 'TNG', 'E004', 'O0002','C021');
INSERT INTO Payments (paymentId, paymentAmount, paymentDate, paymentMethod, employeeID, orderID, customerID) values ('P0003', 70.00, TO_DATE('06/12/2023', 'MM/DD/YYYY'), 'TNG', 'E004', 'O0003','C003');
INSERT INTO Payments (paymentId, paymentAmount, paymentDate, paymentMethod, employeeID, orderID, customerID) values ('P0004', 68.50, TO_DATE('06/12/2023', 'MM/DD/YYYY'), 'Bank Card', 'E004', 'O0004','C004');
INSERT INTO Payments (paymentId, paymentAmount, paymentDate, paymentMethod, employeeID, orderID, customerID) values ('P0005', 104.00, TO_DATE('06/12/2023', 'MM/DD/YYYY'), 'TNG', 'E004', 'O0005','C005');
INSERT INTO Payments (paymentId, paymentAmount, paymentDate, paymentMethod, employeeID, orderID, customerID) values ('P0006', 52.00, TO_DATE('06/12/2023', 'MM/DD/YYYY'), 'TNG', 'E004', 'O0006','C006');
INSERT INTO Payments (paymentId, paymentAmount, paymentDate, paymentMethod, employeeID, orderID, customerID) values ('P0007', 23.00, TO_DATE('06/12/2023', 'MM/DD/YYYY'), 'Cash', 'E004', 'O0007','C022');
INSERT INTO Payments (paymentId, paymentAmount, paymentDate, paymentMethod, employeeID, orderID, customerID) values ('P0008', 153.50, TO_DATE('06/12/2023', 'MM/DD/YYYY'), 'TNG', 'E004', 'O0008','C007');
INSERT INTO Payments (paymentId, paymentAmount, paymentDate, paymentMethod, employeeID, orderID, customerID) values ('P0009', 36.00, TO_DATE('06/12/2023', 'MM/DD/YYYY'), 'TNG', 'E004', 'O0009','C002');
INSERT INTO Payments (paymentId, paymentAmount, paymentDate, paymentMethod, employeeID, orderID, customerID) values ('P0010', 25.00, TO_DATE('06/12/2023', 'MM/DD/YYYY'), 'Bank Card', 'E004', 'O0010','C010');
INSERT INTO Payments (paymentId, paymentAmount, paymentDate, paymentMethod, employeeID, orderID, customerID) values ('P0011', 48.00, TO_DATE('06/13/2023', 'MM/DD/YYYY'), 'Cash', 'E004', 'O0011','C008');
INSERT INTO Payments (paymentId, paymentAmount, paymentDate, paymentMethod, employeeID, orderID, customerID) values ('P0012', 140.00, TO_DATE('06/13/2023', 'MM/DD/YYYY'), 'TNG', 'E004', 'O0012','C026');
INSERT INTO Payments (paymentId, paymentAmount, paymentDate, paymentMethod, employeeID, orderID, customerID) values ('P0013', 40.00, TO_DATE('06/13/2023', 'MM/DD/YYYY'), 'Cash', 'E004', 'O0013','C027');
INSERT INTO Payments (paymentId, paymentAmount, paymentDate, paymentMethod, employeeID, orderID, customerID) values ('P0014', 65.00, TO_DATE('06/13/2023', 'MM/DD/YYYY'), 'TNG', 'E004', 'O0014','C009');
INSERT INTO Payments (paymentId, paymentAmount, paymentDate, paymentMethod, employeeID, orderID, customerID) values ('P0015', 16.00, TO_DATE('06/13/2023', 'MM/DD/YYYY'), 'Cash', 'E004', 'O0015','C030');
INSERT INTO Payments (paymentId, paymentAmount, paymentDate, paymentMethod, employeeID, orderID, customerID) values ('P0016', 104.00, TO_DATE('06/13/2023', 'MM/DD/YYYY'), 'TNG', 'E004', 'O0016','C028');
INSERT INTO Payments (paymentId, paymentAmount, paymentDate, paymentMethod, employeeID, orderID, customerID) values ('P0017', 63.50, TO_DATE('06/13/2023', 'MM/DD/YYYY'), 'TNG', 'E004', 'O0017','C029');
INSERT INTO Payments (paymentId, paymentAmount, paymentDate, paymentMethod, employeeID, orderID, customerID) values ('P0018', 164.00, TO_DATE('06/13/2023', 'MM/DD/YYYY'), 'Cash', 'E004', 'O0018','C024');
INSERT INTO Payments (paymentId, paymentAmount, paymentDate, paymentMethod, employeeID, orderID, customerID) values ('P0019', 57.00, TO_DATE('06/14/2023', 'MM/DD/YYYY'), 'TNG', 'E004', 'O0019','C025');
INSERT INTO Payments (paymentId, paymentAmount, paymentDate, paymentMethod, employeeID, orderID, customerID) values ('P0020', 61.00, TO_DATE('06/14/2023', 'MM/DD/YYYY'), 'TNG', 'E004', 'O0020','C023');
INSERT INTO Payments (paymentId, paymentAmount, paymentDate, paymentMethod, employeeID, orderID, customerID) values ('P0021', 24.50, TO_DATE('06/14/2023', 'MM/DD/YYYY'), 'Cash', 'E004', 'O0021','C011');
INSERT INTO Payments (paymentId, paymentAmount, paymentDate, paymentMethod, employeeID, orderID, customerID) values ('P0022', 50.00, TO_DATE('06/14/2023', 'MM/DD/YYYY'), 'Bank Card', 'E004', 'O0022','C012');
INSERT INTO Payments (paymentId, paymentAmount, paymentDate, paymentMethod, employeeID, orderID, customerID) values ('P0023', 134.00, TO_DATE('06/14/2023', 'MM/DD/YYYY'), 'TNG', 'E004', 'O0023','C013');
INSERT INTO Payments (paymentId, paymentAmount, paymentDate, paymentMethod, employeeID, orderID, customerID) values ('P0024', 122.50, TO_DATE('06/14/2023', 'MM/DD/YYYY'), 'TNG', 'E004', 'O0024','C014');
INSERT INTO Payments (paymentId, paymentAmount, paymentDate, paymentMethod, employeeID, orderID, customerID) values ('P0025', 61.00, TO_DATE('06/14/2023', 'MM/DD/YYYY'), 'Cash', 'E004', 'O0025','C015');
INSERT INTO Payments (paymentId, paymentAmount, paymentDate, paymentMethod, employeeID, orderID, customerID) values ('P0026', 83.00, TO_DATE('06/14/2023', 'MM/DD/YYYY'), 'TNG', 'E004', 'O0026','C016');
INSERT INTO Payments (paymentId, paymentAmount, paymentDate, paymentMethod, employeeID, orderID, customerID) values ('P0027', 39.50, TO_DATE('06/15/2023', 'MM/DD/YYYY'), 'TNG', 'E004', 'O0027','C017');
INSERT INTO Payments (paymentId, paymentAmount, paymentDate, paymentMethod, employeeID, orderID, customerID) values ('P0028', 36.00, TO_DATE('06/15/2023', 'MM/DD/YYYY'), 'TNG', 'E004', 'O0028','C018');
INSERT INTO Payments (paymentId, paymentAmount, paymentDate, paymentMethod, employeeID, orderID, customerID) values ('P0029', 170.00, TO_DATE('06/15/2023', 'MM/DD/YYYY'), 'Bank Card', 'E004', 'O0029','C019');
INSERT INTO Payments (paymentId, paymentAmount, paymentDate, paymentMethod, employeeID, orderID, customerID) values ('P0030', 42.00, TO_DATE('06/15/2023', 'MM/DD/YYYY'), 'TNG', 'E004', 'O0030','C020');
INSERT INTO Payments (paymentId, paymentAmount, paymentDate, paymentMethod, employeeID, orderID, customerID) values ('P0031', 106.50, TO_DATE('06/15/2023', 'MM/DD/YYYY'), 'Bank Card', 'E004', 'O0031','C022');
INSERT INTO Payments (paymentId, paymentAmount, paymentDate, paymentMethod, employeeID, orderID, customerID) values ('P0032', 88.00, TO_DATE('06/15/2023', 'MM/DD/YYYY'), 'TNG', 'E004', 'O0032','C023');
INSERT INTO Payments (paymentId, paymentAmount, paymentDate, paymentMethod, employeeID, orderID, customerID) values ('P0033', 117.00, TO_DATE('06/15/2023', 'MM/DD/YYYY'), 'TNG', 'E004', 'O0033','C023');
INSERT INTO Payments (paymentId, paymentAmount, paymentDate, paymentMethod, employeeID, orderID, customerID) values ('P0034', 29.50, TO_DATE('06/16/2023', 'MM/DD/YYYY'), 'Bank Card', 'E004', 'O0034','C024');
INSERT INTO Payments (paymentId, paymentAmount, paymentDate, paymentMethod, employeeID, orderID, customerID) values ('P0035', 88.00, TO_DATE('06/16/2023', 'MM/DD/YYYY'), 'Bank Card', 'E004', 'O0035','C025');
INSERT INTO Payments (paymentId, paymentAmount, paymentDate, paymentMethod, employeeID, orderID, customerID) values ('P0036', 59.00, TO_DATE('06/16/2023', 'MM/DD/YYYY'), 'TNG', 'E004', 'O0036','C026');
INSERT INTO Payments (paymentId, paymentAmount, paymentDate, paymentMethod, employeeID, orderID, customerID) values ('P0037', 68.00, TO_DATE('06/16/2023', 'MM/DD/YYYY'), 'TNG', 'E004', 'O0037','C027');
INSERT INTO Payments (paymentId, paymentAmount, paymentDate, paymentMethod, employeeID, orderID, customerID) values ('P0038', 102.00, TO_DATE('06/16/2023', 'MM/DD/YYYY'), 'Cash', 'E004', 'O0038','C028');
INSERT INTO Payments (paymentId, paymentAmount, paymentDate, paymentMethod, employeeID, orderID, customerID) values ('P0039', 55.50, TO_DATE('06/16/2023', 'MM/DD/YYYY'), 'TNG', 'E004', 'O0039','C029');
INSERT INTO Payments (paymentId, paymentAmount, paymentDate, paymentMethod, employeeID, orderID, customerID) values ('P0040', 179.00, TO_DATE('06/16/2023', 'MM/DD/YYYY'), 'TNG', 'E004', 'O0040','C030');
INSERT INTO Payments (paymentId, paymentAmount, paymentDate, paymentMethod, employeeID, orderID, customerID) values ('P0041', 28.50, TO_DATE('06/17/2023', 'MM/DD/YYYY'), 'TNG', 'E004', 'O0041','C031');
INSERT INTO Payments (paymentId, paymentAmount, paymentDate, paymentMethod, employeeID, orderID, customerID) values ('P0042', 75.00, TO_DATE('06/17/2023', 'MM/DD/YYYY'), 'TNG', 'E004', 'O0042','C032');
INSERT INTO Payments (paymentId, paymentAmount, paymentDate, paymentMethod, employeeID, orderID, customerID) values ('P0043', 104.00, TO_DATE('06/17/2023', 'MM/DD/YYYY'), 'TNG', 'E004', 'O0043','C033');
INSERT INTO Payments (paymentId, paymentAmount, paymentDate, paymentMethod, employeeID, orderID, customerID) values ('P0044', 57.50, TO_DATE('06/17/2023', 'MM/DD/YYYY'), 'Bank Card', 'E004', 'O0044','C034');
INSERT INTO Payments (paymentId, paymentAmount, paymentDate, paymentMethod, employeeID, orderID, customerID) values ('P0045', 91.00, TO_DATE('06/17/2023', 'MM/DD/YYYY'), 'TNG', 'E004', 'O0045','C035');
INSERT INTO Payments (paymentId, paymentAmount, paymentDate, paymentMethod, employeeID, orderID, customerID) values ('P0046', 69.00, TO_DATE('06/17/2023', 'MM/DD/YYYY'), 'TNG', 'E004', 'O0046','C036');
INSERT INTO Payments (paymentId, paymentAmount, paymentDate, paymentMethod, employeeID, orderID, customerID) values ('P0047', 97.50, TO_DATE('06/17/2023', 'MM/DD/YYYY'), 'Bank Card', 'E004', 'O0047','C037');
INSERT INTO Payments (paymentId, paymentAmount, paymentDate, paymentMethod, employeeID, orderID, customerID) values ('P0048', 111.50, TO_DATE('06/17/2023', 'MM/DD/YYYY'), 'TNG', 'E004', 'O0048','C038');
INSERT INTO Payments (paymentId, paymentAmount, paymentDate, paymentMethod, employeeID, orderID, customerID) values ('P0049', 80.00, TO_DATE('06/17/2023', 'MM/DD/YYYY'), 'Cash', 'E004', 'O0049','C039');
INSERT INTO Payments (paymentId, paymentAmount, paymentDate, paymentMethod, employeeID, orderID, customerID) values ('P0050', 38.00, TO_DATE('06/17/2023', 'MM/DD/YYYY'), 'Cash', 'E004', 'O0050','C040');
INSERT INTO Payments (paymentId, paymentAmount, paymentDate, paymentMethod, employeeID, orderID, customerID) values ('P0051', 84.00, TO_DATE('06/17/2023', 'MM/DD/YYYY'), 'TNG', 'E004', 'O0051','C041');
INSERT INTO Payments (paymentId, paymentAmount, paymentDate, paymentMethod, employeeID, orderID, customerID) values ('P0052', 75.00, TO_DATE('06/18/2023', 'MM/DD/YYYY'), 'TNG', 'E004', 'O0052','C042');
INSERT INTO Payments (paymentId, paymentAmount, paymentDate, paymentMethod, employeeID, orderID, customerID) values ('P0053', 24.50, TO_DATE('06/18/2023', 'MM/DD/YYYY'), 'TNG', 'E004', 'O0053','C043');
INSERT INTO Payments (paymentId, paymentAmount, paymentDate, paymentMethod, employeeID, orderID, customerID) values ('P0054', 85.00, TO_DATE('06/18/2023', 'MM/DD/YYYY'), 'Bank Card', 'E004', 'O0054','C044');
INSERT INTO Payments (paymentId, paymentAmount, paymentDate, paymentMethod, employeeID, orderID, customerID) values ('P0055', 33.50, TO_DATE('06/18/2023', 'MM/DD/YYYY'), 'Cash', 'E004', 'O0055','C045');
INSERT INTO Payments (paymentId, paymentAmount, paymentDate, paymentMethod, employeeID, orderID, customerID) values ('P0056', 74.00, TO_DATE('06/18/2023', 'MM/DD/YYYY'), 'TNG', 'E004', 'O0056','C046');
INSERT INTO Payments (paymentId, paymentAmount, paymentDate, paymentMethod, employeeID, orderID, customerID) values ('P0057', 57.00, TO_DATE('06/18/2023', 'MM/DD/YYYY'), 'Cash', 'E004', 'O0057','C047');
INSERT INTO Payments (paymentId, paymentAmount, paymentDate, paymentMethod, employeeID, orderID, customerID) values ('P0058', 85.50, TO_DATE('06/18/2023', 'MM/DD/YYYY'), 'TNG', 'E004', 'O0058','C048');
INSERT INTO Payments (paymentId, paymentAmount, paymentDate, paymentMethod, employeeID, orderID, customerID) values ('P0059', 116.00, TO_DATE('06/18/2023', 'MM/DD/YYYY'), 'Bank Card', 'E004', 'O0059','C049');
INSERT INTO Payments (paymentId, paymentAmount, paymentDate, paymentMethod, employeeID, orderID, customerID) values ('P0060', 31.00, TO_DATE('06/18/2023', 'MM/DD/YYYY'), 'TNG', 'E004', 'O0060','C050');
INSERT INTO Payments (paymentId, paymentAmount, paymentDate, paymentMethod, employeeID, orderID, customerID) values ('P0061', 102.00, TO_DATE('06/19/2023', 'MM/DD/YYYY'), 'Bank Card', 'E004', 'O0061','C016');
INSERT INTO Payments (paymentId, paymentAmount, paymentDate, paymentMethod, employeeID, orderID, customerID) values ('P0062', 123.50, TO_DATE('06/19/2023', 'MM/DD/YYYY'), 'TNG', 'E004', 'O0062','C045');
INSERT INTO Payments (paymentId, paymentAmount, paymentDate, paymentMethod, employeeID, orderID, customerID) values ('P0063', 84.00, TO_DATE('06/19/2023', 'MM/DD/YYYY'), 'TNG', 'E004', 'O0063','C023');
INSERT INTO Payments (paymentId, paymentAmount, paymentDate, paymentMethod, employeeID, orderID, customerID) values ('P0064', 147.00, TO_DATE('06/19/2023', 'MM/DD/YYYY'), 'Cash', 'E004', 'O0064','C021');
INSERT INTO Payments (paymentId, paymentAmount, paymentDate, paymentMethod, employeeID, orderID, customerID) values ('P0065', 67.00, TO_DATE('06/19/2023', 'MM/DD/YYYY'), 'Cash', 'E004', 'O0065','C002');
INSERT INTO Payments (paymentId, paymentAmount, paymentDate, paymentMethod, employeeID, orderID, customerID) values ('P0066', 43.00, TO_DATE('06/19/2023', 'MM/DD/YYYY'), 'TNG', 'E004', 'O0066','C006');
INSERT INTO Payments (paymentId, paymentAmount, paymentDate, paymentMethod, employeeID, orderID, customerID) values ('P0067', 25.00, TO_DATE('06/19/2023', 'MM/DD/YYYY'), 'TNG', 'E004', 'O0067','C050');
INSERT INTO Payments (paymentId, paymentAmount, paymentDate, paymentMethod, employeeID, orderID, customerID) values ('P0068', 140.00, TO_DATE('06/20/2023', 'MM/DD/YYYY'), 'Cash', 'E004', 'O0068','C024');
INSERT INTO Payments (paymentId, paymentAmount, paymentDate, paymentMethod, employeeID, orderID, customerID) values ('P0069', 88.00, TO_DATE('06/20/2023', 'MM/DD/YYYY'), 'Bank Card', 'E004', 'O0069','C036');
INSERT INTO Payments (paymentId, paymentAmount, paymentDate, paymentMethod, employeeID, orderID, customerID) values ('P0070', 34.00, TO_DATE('06/20/2023', 'MM/DD/YYYY'), 'TNG', 'E004', 'O0070','C048');
INSERT INTO Payments (paymentId, paymentAmount, paymentDate, paymentMethod, employeeID, orderID, customerID) values ('P0071', 14.50, TO_DATE('06/20/2023', 'MM/DD/YYYY'), 'TNG', 'E004', 'O0071','C022');
INSERT INTO Payments (paymentId, paymentAmount, paymentDate, paymentMethod, employeeID, orderID, customerID) values ('P0072', 93.00, TO_DATE('06/20/2023', 'MM/DD/YYYY'), 'Cash', 'E004', 'O0072','C008');
INSERT INTO Payments (paymentId, paymentAmount, paymentDate, paymentMethod, employeeID, orderID, customerID) values ('P0073', 15.00, TO_DATE('06/20/2023', 'MM/DD/YYYY'), 'TNG', 'E004', 'O0073','C009');
INSERT INTO Payments (paymentId, paymentAmount, paymentDate, paymentMethod, employeeID, orderID, customerID) values ('P0074', 113.50, TO_DATE('06/21/2023', 'MM/DD/YYYY'), 'TNG', 'E004', 'O0074','C012');
INSERT INTO Payments (paymentId, paymentAmount, paymentDate, paymentMethod, employeeID, orderID, customerID) values ('P0075', 67.00, TO_DATE('06/21/2023', 'MM/DD/YYYY'), 'Bank Card', 'E004', 'O0075','C019');
INSERT INTO Payments (paymentId, paymentAmount, paymentDate, paymentMethod, employeeID, orderID, customerID) values ('P0076', 78.00, TO_DATE('06/21/2023', 'MM/DD/YYYY'), 'Cash', 'E004', 'O0076','C029');
INSERT INTO Payments (paymentId, paymentAmount, paymentDate, paymentMethod, employeeID, orderID, customerID) values ('P0077', 103.00, TO_DATE('06/21/2023', 'MM/DD/YYYY'), 'TNG', 'E004', 'O0077','C021');
INSERT INTO Payments (paymentId, paymentAmount, paymentDate, paymentMethod, employeeID, orderID, customerID) values ('P0078', 93.00, TO_DATE('06/21/2023', 'MM/DD/YYYY'), 'Cash', 'E004', 'O0078','C022');
INSERT INTO Payments (paymentId, paymentAmount, paymentDate, paymentMethod, employeeID, orderID, customerID) values ('P0079', 29.50, TO_DATE('06/21/2023', 'MM/DD/YYYY'), 'TNG', 'E004', 'O0079','C016');
INSERT INTO Payments (paymentId, paymentAmount, paymentDate, paymentMethod, employeeID, orderID, customerID) values ('P0080', 139.00, TO_DATE('06/21/2023', 'MM/DD/YYYY'), 'TNG', 'E004', 'O0080', 'C004');
INSERT INTO Payments (paymentId, paymentAmount, paymentDate, paymentMethod, employeeID, orderID, customerID) VALUES ('P0081', 142.00, TO_DATE('06/22/2023', 'MM/DD/YYYY'), 'TNG', 'E010', 'O0081', 'C031');
INSERT INTO Payments (paymentId, paymentAmount, paymentDate, paymentMethod, employeeID, orderID, customerID) VALUES ('P0082', 135.00, TO_DATE('06/22/2023', 'MM/DD/YYYY'), 'Bank Card', 'E014', 'O0082', 'C029');
INSERT INTO Payments (paymentId, paymentAmount, paymentDate, paymentMethod, employeeID, orderID, customerID) VALUES ('P0083', 26.00, TO_DATE('06/22/2023', 'MM/DD/YYYY'), 'TNG', 'E015', 'O0083', 'C049');
INSERT INTO Payments (paymentId, paymentAmount, paymentDate, paymentMethod, employeeID, orderID, customerID) VALUES ('P0084', 39.00, TO_DATE('06/22/2023', 'MM/DD/YYYY'), 'Cash', 'E009', 'O0084', 'C046');
INSERT INTO Payments (paymentId, paymentAmount, paymentDate, paymentMethod, employeeID, orderID, customerID) VALUES ('P0085', 46.00, TO_DATE('06/22/2023', 'MM/DD/YYYY'), 'Bank Card', 'E014', 'O0085', 'C019');
INSERT INTO Payments (paymentId, paymentAmount, paymentDate, paymentMethod, employeeID, orderID, customerID) VALUES ('P0086', 52.00, TO_DATE('06/22/2023', 'MM/DD/YYYY'), 'TNG', 'E010', 'O0086', 'C033');
INSERT INTO Payments (paymentId, paymentAmount, paymentDate, paymentMethod, employeeID, orderID, customerID) VALUES ('P0087', 20.50, TO_DATE('06/22/2023', 'MM/DD/YYYY'), 'Cash', 'E015', 'O0087', 'C017');
INSERT INTO Payments (paymentId, paymentAmount, paymentDate, paymentMethod, employeeID, orderID, customerID) VALUES ('P0088', 133.00, TO_DATE('06/23/2023', 'MM/DD/YYYY'), 'Bank Card', 'E014', 'O0088', 'C008');
INSERT INTO Payments (paymentId, paymentAmount, paymentDate, paymentMethod, employeeID, orderID, customerID) VALUES ('P0089', 18.00, TO_DATE('06/23/2023', 'MM/DD/YYYY'), 'TNG', 'E015', 'O0089', 'C012');
INSERT INTO Payments (paymentId, paymentAmount, paymentDate, paymentMethod, employeeID, orderID, customerID) VALUES ('P0090', 25.00, TO_DATE('06/23/2023', 'MM/DD/YYYY'), 'Cash', 'E008', 'O0090', 'C001');
INSERT INTO Payments (paymentId, paymentAmount, paymentDate, paymentMethod, employeeID, orderID, customerID) VALUES ('P0091', 48.00, TO_DATE('06/23/2023', 'MM/DD/YYYY'), 'TNG', 'E014', 'O0091', 'C015');
INSERT INTO Payments (paymentId, paymentAmount, paymentDate, paymentMethod, employeeID, orderID, customerID) VALUES ('P0092', 140.00, TO_DATE('06/23/2023', 'MM/DD/YYYY'), 'Bank Card', 'E006', 'O0092', 'C032');
INSERT INTO Payments (paymentId, paymentAmount, paymentDate, paymentMethod, employeeID, orderID, customerID) VALUES ('P0093', 22.50, TO_DATE('06/23/2023', 'MM/DD/YYYY'), 'TNG', 'E010', 'O0093', 'C027');
INSERT INTO Payments (paymentId, paymentAmount, paymentDate, paymentMethod, employeeID, orderID, customerID) VALUES ('P0094', 23.00, TO_DATE('06/23/2023', 'MM/DD/YYYY'), 'Cash', 'E015', 'O0094', 'C014');
INSERT INTO Payments (paymentId, paymentAmount, paymentDate, paymentMethod, employeeID, orderID, customerID) VALUES ('P0095', 16.00, TO_DATE('06/24/2023', 'MM/DD/YYYY'), 'Cash', 'E014', 'O0095', 'C002');
INSERT INTO Payments (paymentId, paymentAmount, paymentDate, paymentMethod, employeeID, orderID, customerID) VALUES ('P0096', 80.00, TO_DATE('06/24/2023', 'MM/DD/YYYY'), 'Bank Card', 'E015', 'O0096', 'C046');
INSERT INTO Payments (paymentId, paymentAmount, paymentDate, paymentMethod, employeeID, orderID, customerID) VALUES ('P0097', 17.50, TO_DATE('06/24/2023', 'MM/DD/YYYY'), 'TNG', 'E008', 'O0097', 'C012');
INSERT INTO Payments (paymentId, paymentAmount, paymentDate, paymentMethod, employeeID, orderID, customerID) VALUES ('P0098', 116.00, TO_DATE('06/24/2023', 'MM/DD/YYYY'), 'Cash', 'E014', 'O0098', 'C039');
INSERT INTO Payments (paymentId, paymentAmount, paymentDate, paymentMethod, employeeID, orderID, customerID) VALUES ('P0099', 29.00, TO_DATE('06/24/2023', 'MM/DD/YYYY'), 'TNG', 'E006', 'O0099', 'C031');
INSERT INTO Payments (paymentId, paymentAmount, paymentDate, paymentMethod, employeeID, orderID, customerID) VALUES ('P0100', 127.00, TO_DATE('06/24/2023', 'MM/DD/YYYY'), 'TNG', 'E010', 'O0100', 'C024');
INSERT INTO Payments (paymentId, paymentAmount, paymentDate, paymentMethod, employeeID, orderID, customerID) VALUES ('P0101', 22.50, TO_DATE('06/25/2023', 'MM/DD/YYYY'), 'Bank Card', 'E015','O0101',  'C041');
INSERT INTO Payments (paymentId, paymentAmount, paymentDate, paymentMethod, employeeID, orderID, customerID) VALUES ('P0102', 68.50, TO_DATE('06/25/2023', 'MM/DD/YYYY'), 'TNG', 'E014','O0102','C007');
INSERT INTO Payments (paymentId, paymentAmount, paymentDate, paymentMethod, employeeID, orderID, customerID) VALUES ('P0103', 60.00, TO_DATE('06/25/2023', 'MM/DD/YYYY'), 'Cash', 'E008','O0103','C012');
INSERT INTO Payments (paymentId, paymentAmount, paymentDate, paymentMethod, employeeID, orderID, customerID) VALUES ('P0104', 66.00, TO_DATE('06/25/2023', 'MM/DD/YYYY'), 'Cash', 'E015','O0104', 'C039');
INSERT INTO Payments (paymentId, paymentAmount, paymentDate, paymentMethod, employeeID, orderID, customerID) VALUES ('P0105', 24.50, TO_DATE('06/25/2023', 'MM/DD/YYYY'), 'TNG', 'E006','O0105', 'C048');
INSERT INTO Payments (paymentId, paymentAmount, paymentDate, paymentMethod, employeeID, orderID, customerID) VALUES ('P0106', 57.00, TO_DATE('06/25/2023', 'MM/DD/YYYY'), 'TNG', 'E010','O0106', 'C012');
INSERT INTO Payments (paymentId, paymentAmount, paymentDate, paymentMethod, employeeID, orderID, customerID) VALUES ('P0107', 20.00, TO_DATE('06/26/2023', 'MM/DD/YYYY'), 'TNG', 'E014','O0107', 'C013');
INSERT INTO Payments (paymentId, paymentAmount, paymentDate, paymentMethod, employeeID, orderID, customerID) VALUES ('P0108', 69.50, TO_DATE('06/26/2023', 'MM/DD/YYYY'), 'TNG', 'E015','O0108', 'C046');
INSERT INTO Payments (paymentId, paymentAmount, paymentDate, paymentMethod, employeeID, orderID, customerID) VALUES ('P0109', 178.00, TO_DATE('06/26/2023', 'MM/DD/YYYY'), 'Cash', 'E008','O0109', 'C043');
INSERT INTO Payments (paymentId, paymentAmount, paymentDate, paymentMethod, employeeID, orderID, customerID) VALUES ('P0110', 59.50, TO_DATE('06/26/2023', 'MM/DD/YYYY'), 'Bank Card', 'E014', 'O0110', 'C032');
INSERT INTO Payments (paymentId, paymentAmount, paymentDate, paymentMethod, employeeID, orderID, customerID) VALUES ('P0111', 142.00, TO_DATE('06/26/2023', 'MM/DD/YYYY'), 'TNG', 'E006', 'O0111', 'C024');
INSERT INTO Payments (paymentId, paymentAmount, paymentDate, paymentMethod, employeeID, orderID, customerID) VALUES ('P0112', 222.00, TO_DATE('06/26/2023', 'MM/DD/YYYY'), 'Cash', 'E010', 'O0112', 'C016');
INSERT INTO Payments (paymentId, paymentAmount, paymentDate, paymentMethod, employeeID, orderID, customerID) VALUES ('P0113', 77.50, TO_DATE('06/27/2023', 'MM/DD/YYYY'), 'Bank Card', 'E015', 'O0113', 'C008');
INSERT INTO Payments (paymentId, paymentAmount, paymentDate, paymentMethod, employeeID, orderID, customerID) VALUES ('P0114', 62.50, TO_DATE('06/27/2023', 'MM/DD/YYYY'), 'Bank Card', 'E014', 'O0114', 'C004');
INSERT INTO Payments (paymentId, paymentAmount, paymentDate, paymentMethod, employeeID, orderID, customerID) VALUES ('P0115', 39.50, TO_DATE('06/27/2023', 'MM/DD/YYYY'), 'Cash', 'E008', 'O0115', 'C029');
INSERT INTO Payments (paymentId, paymentAmount, paymentDate, paymentMethod, employeeID, orderID, customerID) VALUES ('P0116', 86.50, TO_DATE('06/27/2023', 'MM/DD/YYYY'), 'TNG', 'E015', 'O0116', 'C021');
INSERT INTO Payments (paymentId, paymentAmount, paymentDate, paymentMethod, employeeID, orderID, customerID) VALUES ('P0117', 113.00, TO_DATE('06/27/2023', 'MM/DD/YYYY'), 'Cash', 'E006', 'O0117', 'C022');
INSERT INTO Payments (paymentId, paymentAmount, paymentDate, paymentMethod, employeeID, orderID, customerID) VALUES ('P0118', 188.00, TO_DATE('06/27/2023', 'MM/DD/YYYY'), 'Bank Card', 'E010', 'O0118', 'C031');
INSERT INTO Payments (paymentId, paymentAmount, paymentDate, paymentMethod, employeeID, orderID, customerID) VALUES ('P0119', 75.00, TO_DATE('06/27/2023', 'MM/DD/YYYY'), 'TNG', 'E010', 'O0119', 'C002');
INSERT INTO Payments (paymentId, paymentAmount, paymentDate, paymentMethod, employeeID, orderID, customerID) VALUES ('P0120', 63.50, TO_DATE('06/27/2023', 'MM/DD/YYYY'), 'TNG', 'E010', 'O0120', 'C005');

INSERT INTO Reservations (reservationID, reservationDate, reservationNoOfPeople, reservationStatus, customerID, tableID) VALUES ('R001', TO_DATE('06/15/2023', 'MM/DD/YYYY'), 5, 'ARRIVED', 'C001', 'T05');
INSERT INTO Reservations (reservationID, reservationDate, reservationNoOfPeople, reservationStatus, customerID, tableID) VALUES ('R002', TO_DATE('06/15/2023', 'MM/DD/YYYY'), 7, 'ARRIVED', 'C012', 'T13');
INSERT INTO Reservations (reservationID, reservationDate, reservationNoOfPeople, reservationStatus, customerID, tableID) VALUES ('R003', TO_DATE('06/15/2023', 'MM/DD/YYYY'), 2, 'ARRIVED', 'C015', 'T09');
INSERT INTO Reservations (reservationID, reservationDate, reservationNoOfPeople, reservationStatus, customerID, tableID) VALUES ('R004', TO_DATE('06/15/2023', 'MM/DD/YYYY'), 8, 'ARRIVED', 'C048', 'T14');
INSERT INTO Reservations (reservationID, reservationDate, reservationNoOfPeople, reservationStatus, customerID, tableID) VALUES ('R005', TO_DATE('06/15/2023', 'MM/DD/YYYY'), 4, 'ARRIVED', 'C025', 'T01');
INSERT INTO Reservations (reservationID, reservationDate, reservationNoOfPeople, reservationStatus, customerID, tableID) VALUES ('R006', TO_DATE('06/15/2023', 'MM/DD/YYYY'), 7, 'ARRIVED', 'C009', 'T15');
INSERT INTO Reservations (reservationID, reservationDate, reservationNoOfPeople, reservationStatus, customerID, tableID) VALUES ('R007', TO_DATE('06/15/2023', 'MM/DD/YYYY'), 6, 'ARRIVED', 'C014', 'T06');
INSERT INTO Reservations (reservationID, reservationDate, reservationNoOfPeople, reservationStatus, customerID, tableID) VALUES ('R008', TO_DATE('06/15/2023', 'MM/DD/YYYY'), 3, 'ARRIVED', 'C026', 'T02');
INSERT INTO Reservations (reservationID, reservationDate, reservationNoOfPeople, reservationStatus, customerID, tableID) VALUES ('R009', TO_DATE('06/15/2023', 'MM/DD/YYYY'), 2, 'ARRIVED', 'C035', 'T10');
INSERT INTO Reservations (reservationID, reservationDate, reservationNoOfPeople, reservationStatus, customerID, tableID) VALUES ('R010', TO_DATE('06/15/2023', 'MM/DD/YYYY'), 2, 'ARRIVED', 'C040', 'T11');
INSERT INTO Reservations (reservationID, reservationDate, reservationNoOfPeople, reservationStatus, customerID, tableID) VALUES ('R011', TO_DATE('06/16/2023', 'MM/DD/YYYY'), 5, 'ARRIVED', 'C001', 'T05');
INSERT INTO Reservations (reservationID, reservationDate, reservationNoOfPeople, reservationStatus, customerID, tableID) VALUES ('R012', TO_DATE('06/16/2023', 'MM/DD/YYYY'), 7, 'ARRIVED', 'C012', 'T13');
INSERT INTO Reservations (reservationID, reservationDate, reservationNoOfPeople, reservationStatus, customerID, tableID) VALUES ('R013', TO_DATE('06/16/2023', 'MM/DD/YYYY'), 2, 'ARRIVED', 'C015', 'T09');
INSERT INTO Reservations (reservationID, reservationDate, reservationNoOfPeople, reservationStatus, customerID, tableID) VALUES ('R014', TO_DATE('06/16/2023', 'MM/DD/YYYY'), 8, 'ARRIVED', 'C048', 'T14');
INSERT INTO Reservations (reservationID, reservationDate, reservationNoOfPeople, reservationStatus, customerID, tableID) VALUES ('R015', TO_DATE('06/16/2023', 'MM/DD/YYYY'), 4, 'ARRIVED', 'C025', 'T01');
INSERT INTO Reservations (reservationID, reservationDate, reservationNoOfPeople, reservationStatus, customerID, tableID) VALUES ('R016', TO_DATE('06/16/2023', 'MM/DD/YYYY'), 7, 'ARRIVED', 'C009', 'T15');
INSERT INTO Reservations (reservationID, reservationDate, reservationNoOfPeople, reservationStatus, customerID, tableID) VALUES ('R017', TO_DATE('06/16/2023', 'MM/DD/YYYY'), 6, 'ARRIVED', 'C014', 'T06');
INSERT INTO Reservations (reservationID, reservationDate, reservationNoOfPeople, reservationStatus, customerID, tableID) VALUES ('R018', TO_DATE('06/16/2023', 'MM/DD/YYYY'), 3, 'ARRIVED', 'C026', 'T02');
INSERT INTO Reservations (reservationID, reservationDate, reservationNoOfPeople, reservationStatus, customerID, tableID) VALUES ('R019', TO_DATE('06/17/2023', 'MM/DD/YYYY'), 2, 'ARRIVED', 'C035', 'T10');
INSERT INTO Reservations (reservationID, reservationDate, reservationNoOfPeople, reservationStatus, customerID, tableID) VALUES ('R020', TO_DATE('06/17/2023', 'MM/DD/YYYY'), 2, 'ARRIVED', 'C040', 'T11');
INSERT INTO Reservations (reservationID, reservationDate, reservationNoOfPeople, reservationStatus, customerID, tableID) VALUES ('R021', TO_DATE('06/17/2023', 'MM/DD/YYYY'), 5, 'ARRIVED', 'C001', 'T05');
INSERT INTO Reservations (reservationID, reservationDate, reservationNoOfPeople, reservationStatus, customerID, tableID) VALUES ('R022', TO_DATE('06/17/2023', 'MM/DD/YYYY'), 7, 'ARRIVED', 'C012', 'T13');
INSERT INTO Reservations (reservationID, reservationDate, reservationNoOfPeople, reservationStatus, customerID, tableID) VALUES ('R023', TO_DATE('06/17/2023', 'MM/DD/YYYY'), 2, 'ARRIVED', 'C015', 'T09');
INSERT INTO Reservations (reservationID, reservationDate, reservationNoOfPeople, reservationStatus, customerID, tableID) VALUES ('R024', TO_DATE('06/17/2023', 'MM/DD/YYYY'), 8, 'ARRIVED', 'C048', 'T14');
INSERT INTO Reservations (reservationID, reservationDate, reservationNoOfPeople, reservationStatus, customerID, tableID) VALUES ('R025', TO_DATE('06/17/2023', 'MM/DD/YYYY'), 4, 'ARRIVED', 'C025', 'T01');
INSERT INTO Reservations (reservationID, reservationDate, reservationNoOfPeople, reservationStatus, customerID, tableID) VALUES ('R026', TO_DATE('06/17/2023', 'MM/DD/YYYY'), 7, 'ARRIVED', 'C009', 'T15');
INSERT INTO Reservations (reservationID, reservationDate, reservationNoOfPeople, reservationStatus, customerID, tableID) VALUES ('R027', TO_DATE('06/17/2023', 'MM/DD/YYYY'), 6, 'ARRIVED', 'C014', 'T06');
INSERT INTO Reservations (reservationID, reservationDate, reservationNoOfPeople, reservationStatus, customerID, tableID) VALUES ('R028', TO_DATE('06/18/2023', 'MM/DD/YYYY'), 3, 'ARRIVED', 'C026', 'T02');
INSERT INTO Reservations (reservationID, reservationDate, reservationNoOfPeople, reservationStatus, customerID, tableID) VALUES ('R029', TO_DATE('06/18/2023', 'MM/DD/YYYY'), 2, 'ARRIVED', 'C035', 'T10');
INSERT INTO Reservations (reservationID, reservationDate, reservationNoOfPeople, reservationStatus, customerID, tableID) VALUES ('R030', TO_DATE('06/18/2023', 'MM/DD/YYYY'), 2, 'ARRIVED', 'C040', 'T11');
INSERT INTO Reservations (reservationID, reservationDate, reservationNoOfPeople, reservationStatus, customerID, tableID) VALUES ('R031', TO_DATE('06/18/2023', 'MM/DD/YYYY'), 5, 'ARRIVED', 'C001', 'T05');
INSERT INTO Reservations (reservationID, reservationDate, reservationNoOfPeople, reservationStatus, customerID, tableID) VALUES ('R032', TO_DATE('06/18/2023', 'MM/DD/YYYY'), 7, 'ARRIVED', 'C012', 'T13');
INSERT INTO Reservations (reservationID, reservationDate, reservationNoOfPeople, reservationStatus, customerID, tableID) VALUES ('R033', TO_DATE('06/18/2023', 'MM/DD/YYYY'), 2, 'ARRIVED', 'C015', 'T09');
INSERT INTO Reservations (reservationID, reservationDate, reservationNoOfPeople, reservationStatus, customerID, tableID) VALUES ('R034', TO_DATE('06/18/2023', 'MM/DD/YYYY'), 8, 'ARRIVED', 'C048', 'T14');
INSERT INTO Reservations (reservationID, reservationDate, reservationNoOfPeople, reservationStatus, customerID, tableID) VALUES ('R035', TO_DATE('06/18/2023', 'MM/DD/YYYY'), 4, 'ARRIVED', 'C025', 'T01');
INSERT INTO Reservations (reservationID, reservationDate, reservationNoOfPeople, reservationStatus, customerID, tableID) VALUES ('R036', TO_DATE('06/18/2023', 'MM/DD/YYYY'), 7, 'ARRIVED', 'C009', 'T15');
INSERT INTO Reservations (reservationID, reservationDate, reservationNoOfPeople, reservationStatus, customerID, tableID) VALUES ('R037', TO_DATE('06/19/2023', 'MM/DD/YYYY'), 6, 'ARRIVED', 'C014', 'T06');
INSERT INTO Reservations (reservationID, reservationDate, reservationNoOfPeople, reservationStatus, customerID, tableID) VALUES ('R038', TO_DATE('06/19/2023', 'MM/DD/YYYY'), 3, 'ARRIVED', 'C026', 'T02');
INSERT INTO Reservations (reservationID, reservationDate, reservationNoOfPeople, reservationStatus, customerID, tableID) VALUES ('R039', TO_DATE('06/19/2023', 'MM/DD/YYYY'), 2, 'ARRIVED', 'C035', 'T10');
INSERT INTO Reservations (reservationID, reservationDate, reservationNoOfPeople, reservationStatus, customerID, tableID) VALUES ('R040', TO_DATE('06/19/2023', 'MM/DD/YYYY'), 2, 'ARRIVED', 'C040', 'T11');
INSERT INTO Reservations (reservationID, reservationDate, reservationNoOfPeople, reservationStatus, customerID, tableID) VALUES ('R041', TO_DATE('06/19/2023', 'MM/DD/YYYY'), 5, 'ARRIVED', 'C001', 'T05');
INSERT INTO Reservations (reservationID, reservationDate, reservationNoOfPeople, reservationStatus, customerID, tableID) VALUES ('R042', TO_DATE('06/19/2023', 'MM/DD/YYYY'), 7, 'ARRIVED', 'C012', 'T13');
INSERT INTO Reservations (reservationID, reservationDate, reservationNoOfPeople, reservationStatus, customerID, tableID) VALUES ('R043', TO_DATE('06/19/2023', 'MM/DD/YYYY'), 2, 'ARRIVED', 'C015', 'T09');
INSERT INTO Reservations (reservationID, reservationDate, reservationNoOfPeople, reservationStatus, customerID, tableID) VALUES ('R044', TO_DATE('06/19/2023', 'MM/DD/YYYY'), 8, 'ARRIVED', 'C048', 'T14');
INSERT INTO Reservations (reservationID, reservationDate, reservationNoOfPeople, reservationStatus, customerID, tableID) VALUES ('R045', TO_DATE('06/19/2023', 'MM/DD/YYYY'), 4, 'ARRIVED', 'C025', 'T01');
INSERT INTO Reservations (reservationID, reservationDate, reservationNoOfPeople, reservationStatus, customerID, tableID) VALUES ('R046', TO_DATE('06/20/2023', 'MM/DD/YYYY'), 7, 'ARRIVED', 'C009', 'T15');
INSERT INTO Reservations (reservationID, reservationDate, reservationNoOfPeople, reservationStatus, customerID, tableID) VALUES ('R047', TO_DATE('06/20/2023', 'MM/DD/YYYY'), 6, 'ARRIVED', 'C014', 'T06');
INSERT INTO Reservations (reservationID, reservationDate, reservationNoOfPeople, reservationStatus, customerID, tableID) VALUES ('R048', TO_DATE('06/20/2023', 'MM/DD/YYYY'), 3, 'ARRIVED', 'C026', 'T02');
INSERT INTO Reservations (reservationID, reservationDate, reservationNoOfPeople, reservationStatus, customerID, tableID) VALUES ('R049', TO_DATE('06/20/2023', 'MM/DD/YYYY'), 2, 'ARRIVED', 'C035', 'T10');
INSERT INTO Reservations (reservationID, reservationDate, reservationNoOfPeople, reservationStatus, customerID, tableID) VALUES ('R050', TO_DATE('06/20/2023', 'MM/DD/YYYY'), 2, 'ARRIVED', 'C040', 'T11');

INSERT INTO OrderTables (orderTableID, tableID, orderID) VALUES ('OT0001', 'T01', 'O0002');
INSERT INTO OrderTables (orderTableID, tableID, orderID) VALUES ('OT0002', 'T05', 'O0004');
INSERT INTO OrderTables (orderTableID, tableID, orderID) VALUES ('OT0003', 'T06', 'O0005');
INSERT INTO OrderTables (orderTableID, tableID, orderID) VALUES ('OT0004', 'T07', 'O0007');
INSERT INTO OrderTables (orderTableID, tableID, orderID) VALUES ('OT0005', 'T05', 'O0008');
INSERT INTO OrderTables (orderTableID, tableID, orderID) VALUES ('OT0006', 'T09', 'O0010');
INSERT INTO OrderTables (orderTableID, tableID, orderID) VALUES ('OT0007', 'T12', 'O0013');
INSERT INTO OrderTables (orderTableID, tableID, orderID) VALUES ('OT0008', 'T11', 'O0014');
INSERT INTO OrderTables (orderTableID, tableID, orderID) VALUES ('OT0009', 'T10', 'O0015');
INSERT INTO OrderTables (orderTableID, tableID, orderID) VALUES ('OT0010', 'T09', 'O0017');
INSERT INTO OrderTables (orderTableID, tableID, orderID) VALUES ('OT0011', 'T08', 'O0018');
INSERT INTO OrderTables (orderTableID, tableID, orderID) VALUES ('OT0012', 'T02', 'O0021');
INSERT INTO OrderTables (orderTableID, tableID, orderID) VALUES ('OT0013', 'T03', 'O0023');
INSERT INTO OrderTables (orderTableID, tableID, orderID) VALUES ('OT0014', 'T04', 'O0025');
INSERT INTO OrderTables (orderTableID, tableID, orderID) VALUES ('OT0015', 'T05', 'O0026');
INSERT INTO OrderTables (orderTableID, tableID, orderID) VALUES ('OT0016', 'T06', 'O0027');
INSERT INTO OrderTables (orderTableID, tableID, orderID) VALUES ('OT0017', 'T07', 'O0029');
INSERT INTO OrderTables (orderTableID, tableID, orderID) VALUES ('OT0018', 'T08', 'O0030');
INSERT INTO OrderTables (orderTableID, tableID, orderID) VALUES ('OT0019', 'T09', 'O0031');
INSERT INTO OrderTables (orderTableID, tableID, orderID) VALUES ('OT0020', 'T10', 'O0032');
INSERT INTO OrderTables (orderTableID, tableID, orderID) VALUES ('OT0021', 'T11', 'O0033');
INSERT INTO OrderTables (orderTableID, tableID, orderID) VALUES ('OT0022', 'T12', 'O0034');
INSERT INTO OrderTables (orderTableID, tableID, orderID) VALUES ('OT0023', 'T13', 'O0037');
INSERT INTO OrderTables (orderTableID, tableID, orderID) VALUES ('OT0024', 'T14', 'O0039');
INSERT INTO OrderTables (orderTableID, tableID, orderID) VALUES ('OT0025', 'T15', 'O0040');
INSERT INTO OrderTables (orderTableID, tableID, orderID) VALUES ('OT0026', 'T16', 'O0043');
INSERT INTO OrderTables (orderTableID, tableID, orderID) VALUES ('OT0027', 'T01', 'O0045');
INSERT INTO OrderTables (orderTableID, tableID, orderID) VALUES ('OT0028', 'T02', 'O0046');
INSERT INTO OrderTables (orderTableID, tableID, orderID) VALUES ('OT0029', 'T03', 'O0047');
INSERT INTO OrderTables (orderTableID, tableID, orderID) VALUES ('OT0030', 'T04', 'O0048');
INSERT INTO OrderTables (orderTableID, tableID, orderID) VALUES ('OT0031', 'T05', 'O0049');
INSERT INTO OrderTables (orderTableID, tableID, orderID) VALUES ('OT0032', 'T06', 'O0052');
INSERT INTO OrderTables (orderTableID, tableID, orderID) VALUES ('OT0033', 'T07', 'O0055');
INSERT INTO OrderTables (orderTableID, tableID, orderID) VALUES ('OT0034', 'T08', 'O0056');
INSERT INTO OrderTables (orderTableID, tableID, orderID) VALUES ('OT0035', 'T09', 'O0057');
INSERT INTO OrderTables (orderTableID, tableID, orderID) VALUES ('OT0036', 'T10', 'O0058');
INSERT INTO OrderTables (orderTableID, tableID, orderID) VALUES ('OT0037', 'T11', 'O0062');
INSERT INTO OrderTables (orderTableID, tableID, orderID) VALUES ('OT0038', 'T12', 'O0063');
INSERT INTO OrderTables (orderTableID, tableID, orderID) VALUES ('OT0039', 'T13', 'O0064');
INSERT INTO OrderTables (orderTableID, tableID, orderID) VALUES ('OT0040', 'T14', 'O0066');
INSERT INTO OrderTables (orderTableID, tableID, orderID) VALUES ('OT0041', 'T15', 'O0068');
INSERT INTO OrderTables (orderTableID, tableID, orderID) VALUES ('OT0042', 'T16', 'O0069');
INSERT INTO OrderTables (orderTableID, tableID, orderID) VALUES ('OT0043', 'T01', 'O0071');
INSERT INTO OrderTables (orderTableID, tableID, orderID) VALUES ('OT0044', 'T02', 'O0073');
INSERT INTO OrderTables (orderTableID, tableID, orderID) VALUES ('OT0045', 'T03', 'O0074');
INSERT INTO OrderTables (orderTableID, tableID, orderID) VALUES ('OT0046', 'T04', 'O0076');
INSERT INTO OrderTables (orderTableID, tableID, orderID) VALUES ('OT0047', 'T05', 'O0077');
INSERT INTO OrderTables (orderTableID, tableID, orderID) VALUES ('OT0048', 'T06', 'O0078');
INSERT INTO OrderTables (orderTableID, tableID, orderID) VALUES ('OT0049', 'T07', 'O0079');
INSERT INTO OrderTables (orderTableID, tableID, orderID) VALUES ('OT0050', 'T08', 'O0080');
INSERT INTO OrderTables (orderTableID, tableID, orderID) VALUES ('OT0051', 'T01', 'O0081');
INSERT INTO OrderTables (orderTableID, tableID, orderID) VALUES ('OT0052', 'T04', 'O0084');
INSERT INTO OrderTables (orderTableID, tableID, orderID) VALUES ('OT0053', 'T06', 'O0086');
INSERT INTO OrderTables (orderTableID, tableID, orderID) VALUES ('OT0054', 'T09', 'O0090');
INSERT INTO OrderTables (orderTableID, tableID, orderID) VALUES ('OT0055', 'T07', 'O0092');
INSERT INTO OrderTables (orderTableID, tableID, orderID) VALUES ('OT0056', 'T08', 'O0093');
INSERT INTO OrderTables (orderTableID, tableID, orderID) VALUES ('OT0057', 'T02', 'O0097');
INSERT INTO OrderTables (orderTableID, tableID, orderID) VALUES ('OT0058', 'T04', 'O0099');
INSERT INTO OrderTables (orderTableID, tableID, orderID) VALUES ('OT0059', 'T06', 'O0100');
INSERT INTO OrderTables (orderTableID, tableID, orderID) VALUES ('OT0060', 'T09', 'O0103');
INSERT INTO OrderTables (orderTableID, tableID, orderID) VALUES ('OT0061', 'T12', 'O0105');
INSERT INTO OrderTables (orderTableID, tableID, orderID) VALUES ('OT0062', 'T16', 'O0106');
INSERT INTO OrderTables (orderTableID, tableID, orderID) VALUES ('OT0063', 'T06', 'O0109');
INSERT INTO OrderTables (orderTableID, tableID, orderID) VALUES ('OT0064', 'T08', 'O0111');
INSERT INTO OrderTables (orderTableID, tableID, orderID) VALUES ('OT0065', 'T09', 'O0112');
INSERT INTO OrderTables (orderTableID, tableID, orderID) VALUES ('OT0066', 'T11', 'O0115');
INSERT INTO OrderTables (orderTableID, tableID, orderID) VALUES ('OT0067', 'T13', 'O0117');
INSERT INTO OrderTables (orderTableID, tableID, orderID) VALUES ('OT0068', 'T14', 'O0118');
INSERT INTO OrderTables (orderTableID, tableID, orderID) VALUES ('OT0069', 'T15', 'O0119');
INSERT INTO OrderTables (orderTableID, tableID, orderID) VALUES ('OT0070', 'T16', 'O0120');

INSERT INTO OrderReservations (orderReservationID, orderID, reservationID) VALUES ('RT0001', 'O0002', 'R001');
INSERT INTO OrderReservations (orderReservationID, orderID, reservationID) VALUES ('RT0002', 'O0004', 'R001');
INSERT INTO OrderReservations (orderReservationID, orderID, reservationID) VALUES ('RT0003', 'O0005', 'R001');
INSERT INTO OrderReservations (orderReservationID, orderID, reservationID) VALUES ('RT0004', 'O0007', 'R002');
INSERT INTO OrderReservations (orderReservationID, orderID, reservationID) VALUES ('RT0005', 'O0008', 'R002');
INSERT INTO OrderReservations (orderReservationID, orderID, reservationID) VALUES ('RT0006', 'O0005', 'R002');
INSERT INTO OrderReservations (orderReservationID, orderID, reservationID) VALUES ('RT0007', 'O0017', 'R003');
INSERT INTO OrderReservations (orderReservationID, orderID, reservationID) VALUES ('RT0008', 'O0018', 'R003');
INSERT INTO OrderReservations (orderReservationID, orderID, reservationID) VALUES ('RT0009', 'O0008', 'R003');
INSERT INTO OrderReservations (orderReservationID, orderID, reservationID) VALUES ('RT0010', 'O0015', 'R004');
INSERT INTO OrderReservations (orderReservationID, orderID, reservationID) VALUES ('RT0011', 'O0008', 'R004');
INSERT INTO OrderReservations (orderReservationID, orderID, reservationID) VALUES ('RT0012', 'O0010', 'R004');
INSERT INTO OrderReservations (orderReservationID, orderID, reservationID) VALUES ('RT0013', 'O0010', 'R005');
INSERT INTO OrderReservations (orderReservationID, orderID, reservationID) VALUES ('RT0014', 'O0013', 'R005');
INSERT INTO OrderReservations (orderReservationID, orderID, reservationID) VALUES ('RT0015', 'O0013', 'R006');
INSERT INTO OrderReservations (orderReservationID, orderID, reservationID) VALUES ('RT0016', 'O0013', 'R007');
INSERT INTO OrderReservations (orderReservationID, orderID, reservationID) VALUES ('RT0017', 'O0014', 'R007');
INSERT INTO OrderReservations (orderReservationID, orderID, reservationID) VALUES ('RT0018', 'O0014', 'R008');
INSERT INTO OrderReservations (orderReservationID, orderID, reservationID) VALUES ('RT0019', 'O0016', 'R008');
INSERT INTO OrderReservations (orderReservationID, orderID, reservationID) VALUES ('RT0020', 'O0016', 'R009');
INSERT INTO OrderReservations (orderReservationID, orderID, reservationID) VALUES ('RT0021', 'O0021', 'R010');
INSERT INTO OrderReservations (orderReservationID, orderID, reservationID) VALUES ('RT0022', 'O0021', 'R011');
INSERT INTO OrderReservations (orderReservationID, orderID, reservationID) VALUES ('RT0023', 'O0025', 'R011');
INSERT INTO OrderReservations (orderReservationID, orderID, reservationID) VALUES ('RT0024', 'O0025', 'R012');
INSERT INTO OrderReservations (orderReservationID, orderID, reservationID) VALUES ('RT0025', 'O0026', 'R012');
INSERT INTO OrderReservations (orderReservationID, orderID, reservationID) VALUES ('RT0026', 'O0026', 'R013');
INSERT INTO OrderReservations (orderReservationID, orderID, reservationID) VALUES ('RT0027', 'O0027', 'R014');
INSERT INTO OrderReservations (orderReservationID, orderID, reservationID) VALUES ('RT0028', 'O0027', 'R014');
INSERT INTO OrderReservations (orderReservationID, orderID, reservationID) VALUES ('RT0029', 'O0027', 'R015');
INSERT INTO OrderReservations (orderReservationID, orderID, reservationID) VALUES ('RT0030', 'O0027', 'R016');
INSERT INTO OrderReservations (orderReservationID, orderID, reservationID) VALUES ('RT0031', 'O0029', 'R017');
INSERT INTO OrderReservations (orderReservationID, orderID, reservationID) VALUES ('RT0032', 'O0030', 'R018');
INSERT INTO OrderReservations (orderReservationID, orderID, reservationID) VALUES ('RT0033', 'O0030', 'R019');
INSERT INTO OrderReservations (orderReservationID, orderID, reservationID) VALUES ('RT0034', 'O0031', 'R021');
INSERT INTO OrderReservations (orderReservationID, orderID, reservationID) VALUES ('RT0035', 'O0031', 'R021');
INSERT INTO OrderReservations (orderReservationID, orderID, reservationID) VALUES ('RT0036', 'O0031', 'R021');
INSERT INTO OrderReservations (orderReservationID, orderID, reservationID) VALUES ('RT0037', 'O0032', 'R022');
INSERT INTO OrderReservations (orderReservationID, orderID, reservationID) VALUES ('RT0038', 'O0033', 'R023');
INSERT INTO OrderReservations (orderReservationID, orderID, reservationID) VALUES ('RT0039', 'O0033', 'R024');
INSERT INTO OrderReservations (orderReservationID, orderID, reservationID) VALUES ('RT0040', 'O0037', 'R025');
INSERT INTO OrderReservations (orderReservationID, orderID, reservationID) VALUES ('RT0041', 'O0037', 'R026');
INSERT INTO OrderReservations (orderReservationID, orderID, reservationID) VALUES ('RT0042', 'O0040', 'R027');
INSERT INTO OrderReservations (orderReservationID, orderID, reservationID) VALUES ('RT0043', 'O0043', 'R028');
INSERT INTO OrderReservations (orderReservationID, orderID, reservationID) VALUES ('RT0044', 'O0043', 'R029');
INSERT INTO OrderReservations (orderReservationID, orderID, reservationID) VALUES ('RT0045', 'O0045', 'R030');
INSERT INTO OrderReservations (orderReservationID, orderID, reservationID) VALUES ('RT0046', 'O0045', 'R030');
INSERT INTO OrderReservations (orderReservationID, orderID, reservationID) VALUES ('RT0047', 'O0046', 'R031');
INSERT INTO OrderReservations (orderReservationID, orderID, reservationID) VALUES ('RT0048', 'O0047', 'R032');
INSERT INTO OrderReservations (orderReservationID, orderID, reservationID) VALUES ('RT0049', 'O0048', 'R033');
INSERT INTO OrderReservations (orderReservationID, orderID, reservationID) VALUES ('RT0050', 'O0052', 'R034');
INSERT INTO OrderReservations (orderReservationID, orderID, reservationID) VALUES ('RT0051', 'O0074', 'R002');
INSERT INTO OrderReservations (orderReservationID, orderID, reservationID) VALUES ('RT0052', 'O0097', 'R012');
INSERT INTO OrderReservations (orderReservationID, orderID, reservationID) VALUES ('RT0053', 'O0097', 'R022');
INSERT INTO OrderReservations (orderReservationID, orderID, reservationID) VALUES ('RT0054', 'O0103', 'R032');
INSERT INTO OrderReservations (orderReservationID, orderID, reservationID) VALUES ('RT0055', 'O0106', 'R041');
INSERT INTO OrderReservations (orderReservationID, orderID, reservationID) VALUES ('RT0056', 'O0025', 'R003');
INSERT INTO OrderReservations (orderReservationID, orderID, reservationID) VALUES ('RT0057', 'O0058', 'R004');
INSERT INTO OrderReservations (orderReservationID, orderID, reservationID) VALUES ('RT0058', 'O0105', 'R014');
INSERT INTO OrderReservations (orderReservationID, orderID, reservationID) VALUES ('RT0059', 'O0014', 'R006');
INSERT INTO OrderReservations (orderReservationID, orderID, reservationID) VALUES ('RT0060', 'O0073', 'R016');
INSERT INTO OrderReservations (orderReservationID, orderID, reservationID) VALUES ('RT0061', 'O0045', 'R009');
INSERT INTO OrderReservations (orderReservationID, orderID, reservationID) VALUES ('RT0062', 'O0050', 'R010');
INSERT INTO OrderReservations (orderReservationID, orderID, reservationID) VALUES ('RT0063', 'O0090', 'R011');
INSERT INTO OrderReservations (orderReservationID, orderID, reservationID) VALUES ('RT0064', 'O0092', 'R032');
INSERT INTO OrderReservations (orderReservationID, orderID, reservationID) VALUES ('RT0065', 'O0077', 'R041');
INSERT INTO OrderReservations (orderReservationID, orderID, reservationID) VALUES ('RT0066', 'O0093', 'R003');
INSERT INTO OrderReservations (orderReservationID, orderID, reservationID) VALUES ('RT0067', 'O0112', 'R004');
INSERT INTO OrderReservations (orderReservationID, orderID, reservationID) VALUES ('RT0068', 'O0094', 'R014');
INSERT INTO OrderReservations (orderReservationID, orderID, reservationID) VALUES ('RT0069', 'O0100', 'R006');
INSERT INTO OrderReservations (orderReservationID, orderID, reservationID) VALUES ('RT0070', 'O0090', 'R016');
INSERT INTO OrderReservations (orderReservationID, orderID, reservationID) VALUES ('RT0071', 'O0081', 'R002');
INSERT INTO OrderReservations (orderReservationID, orderID, reservationID) VALUES ('RT0072', 'O0080', 'R010');
INSERT INTO OrderReservations (orderReservationID, orderID, reservationID) VALUES ('RT0073', 'O0078', 'R011');
INSERT INTO OrderReservations (orderReservationID, orderID, reservationID) VALUES ('RT0074', 'O0077', 'R004');
INSERT INTO OrderReservations (orderReservationID, orderID, reservationID) VALUES ('RT0075', 'O0092', 'R041');
INSERT INTO OrderReservations (orderReservationID, orderID, reservationID) VALUES ('RT0076', 'O0084', 'R014');
INSERT INTO OrderReservations (orderReservationID, orderID, reservationID) VALUES ('RT0077', 'O0086', 'R004');
INSERT INTO OrderReservations (orderReservationID, orderID, reservationID) VALUES ('RT0078', 'O0090', 'R032');
INSERT INTO OrderReservations (orderReservationID, orderID, reservationID) VALUES ('RT0079', 'O0092', 'R006');
INSERT INTO OrderReservations (orderReservationID, orderID, reservationID) VALUES ('RT0080', 'O0093', 'R034');
INSERT INTO OrderReservations (orderReservationID, orderID, reservationID) VALUES ('RT0081', 'O0076', 'R039');
INSERT INTO OrderReservations (orderReservationID, orderID, reservationID) VALUES ('RT0082', 'O0071', 'R010');
INSERT INTO OrderReservations (orderReservationID, orderID, reservationID) VALUES ('RT0083', 'O0090', 'R041');
INSERT INTO OrderReservations (orderReservationID, orderID, reservationID) VALUES ('RT0084', 'O0074', 'R032');
INSERT INTO OrderReservations (orderReservationID, orderID, reservationID) VALUES ('RT0085', 'O0092', 'R041');
INSERT INTO OrderReservations (orderReservationID, orderID, reservationID) VALUES ('RT0086', 'O0093', 'R003');
INSERT INTO OrderReservations (orderReservationID, orderID, reservationID) VALUES ('RT0087', 'O0120', 'R004');
INSERT INTO OrderReservations (orderReservationID, orderID, reservationID) VALUES ('RT0088', 'O0119', 'R014');
INSERT INTO OrderReservations (orderReservationID, orderID, reservationID) VALUES ('RT0089', 'O0118', 'R006');
INSERT INTO OrderReservations (orderReservationID, orderID, reservationID) VALUES ('RT0090', 'O0073', 'R016');
INSERT INTO OrderReservations (orderReservationID, orderID, reservationID) VALUES ('RT0091', 'O0099', 'R043');
INSERT INTO OrderReservations (orderReservationID, orderID, reservationID) VALUES ('RT0092', 'O0100', 'R043');
INSERT INTO OrderReservations (orderReservationID, orderID, reservationID) VALUES ('RT0093', 'O0099', 'R042');
INSERT INTO OrderReservations (orderReservationID, orderID, reservationID) VALUES ('RT0094', 'O0092', 'R050');
INSERT INTO OrderReservations (orderReservationID, orderID, reservationID) VALUES ('RT0095', 'O0115', 'R041');
INSERT INTO OrderReservations (orderReservationID, orderID, reservationID) VALUES ('RT0096', 'O0093', 'R042');
INSERT INTO OrderReservations (orderReservationID, orderID, reservationID) VALUES ('RT0097', 'O0112', 'R044');
INSERT INTO OrderReservations (orderReservationID, orderID, reservationID) VALUES ('RT0098', 'O0111', 'R044');
INSERT INTO OrderReservations (orderReservationID, orderID, reservationID) VALUES ('RT0099', 'O0109', 'R050');
INSERT INTO OrderReservations (orderReservationID, orderID, reservationID) VALUES ('RT0100', 'O0100', 'R050');